序号,中文名,外文名,性别,国籍,出生日期,逝世日期,职业,毕业院校,地位或主要成就,载人航天任务时长,舱外任务时长
1,钱学森,Qian Xuesen,男,中国,1911年12月11日,2009年10月31日,空气动力学家、系统科学家,交通大学、[[麻省理工学院]]、[[加州理工学院]],工程控制论先驱者，中国科学院学部委员、中国工程院院士，中国“两弹一星”研制和试验的领导者之一 ,0,0
2,杨利伟,Yang Liwei,男,中国,1965年6月21日,,航天员、中国人民解放军少将,中国人民解放军空军航空大学、[[清华大学]],中国第一位航天员、[[神舟五号]]航天员、中国载人航天工程副总设计师,21小时23分,0
3,费俊龙,Fei Junlong,男,中国,1965年5月5日,,航天员,长春航校、[[清华大学]],[[神舟六号]]、[[神舟十五号]]航天员,115小时32分（神舟六号）,
4,聂海胜,Nie Haisheng,男,中国,1964年10月13日,,航天员,中国人民解放军空军航天大学、[[上海交通大学]],[[神舟六号]]、[[神舟十号]]、[[神舟十二号]]航天员,,
5,翟志刚,Zhai Zhigang,男,中国,1666年10月11日,,航天员,空军长春飞行学院,[[神舟七号]]、[[神舟十三号]]航天员,,
6,刘伯明,Liu Boming,男,中国,1666年9月17日,,航天员,空军长春飞行学院,[[神舟七号]]、[[神舟十二号]]航天员,,
7,景海鹏,Jing Haipeng,男,中国,1966年10月,,航天员,河北保定航校,[[神舟七号]]、[[神舟九号]]、[[神舟十一号]]航天员,,0
8,刘洋,Liu Yang,女,中国,1978年10月,,航天员,空军长春飞行学院,[[神舟九号]]、[[神舟十四号]]航天员,,
9,刘旺,Liu Wang,男,中国,1969年3月,,航天员,[[北京航空航天大学]]（博士）,[[神舟九号]]航天员,,0
10,王亚平,Wang Yaping,女,中国,1980年1月,,航天员,空军长春飞行学院、[[北京大学]],[[神舟十号]]、[[神舟十三号]]航天员,,
11,张晓光,Zhang Xiaoguang,男,中国,1966年5月,,航天员,空军航空大学,[[神舟十号]]航天员,,0
12,邓清明,Deng Qingming,男,中国,1966年3月16日,,航天员,新疆哈密第八飞行学院,[[神舟十五号]]航天员,,
13,陈冬,Chen Dong,男,中国,1978年12月12日,,航天员,[[西安交通大学]],[[神舟十一号]]、[[神舟十四号]]航天员,,
14,汤洪波,Tang Hongbo,男,中国,1975年10月,,航天员,保定飞行学院,[[神舟十二号]]航天员,92天4小时12分,
15,叶光富,Ye Guangfu,男,中国,1980年9月,,航天员,[[西安交通大学]],[[神舟十三号]]航天员,182天9小时33分,
16,蔡旭哲,Cai Xuzhe,男,中国,1976年5月,,航天员,[[西安交通大学]],[[神舟十四号]]航天员,182天9小时25分,
17,张陆,Zhang Lu,男,中国,1976年11月,,航天员,[[西安交通大学]],[[神舟十五号]]航天员,,
18,赵九章,Zhao Jiuzhang,男,中国,1907年10月15日,1968年10月26日,气象学家、地球物理学家、空间物理学家,[[清华大学]]、[[柏林大学]],中国人造卫星事业的倡导者和奠基人之一,0,0
19,杨嘉墀,Yang Jiachi,男,中国,1919年7月16日,2006年6月11日,自动化和空间技术专家,[[哈佛大学]],中国自动化与控制技术、航天技术领域的主要开创者之一、863计划发起人,0,0
20,杨南生,Yang Nansheng,男,中国,1921年12月29日,2013年3月5日,固体火箭专家,西南联合大学、[[曼彻斯特大学]],主持研制巨浪一号、长征一号末级发动机、返回式卫星回收制动发动机、通讯卫星远地点发动机,0,0
21,屠善澄,Tu Shancheng,男,中国,1923年8月12日,2017年5月6日,自动控制技术专家,大同大学、康奈尔大学,,0,0
22,屠守锷,Tu Shoue,男,中国,1917年12月5日,2012年12月15日,火箭总体设计专家,[[清华大学]]、[[麻省理工大学]],,0,0
23,王永志,Wang Yongzhi,男,中国,1932年11月17日,,,[[北京航空航天大学]]、莫斯科航空学院,,0,0
24,王希季,Wang Xiji,男,中国,1921年7月26日,,中国卫星与返回技术专家,西南联合大学、弗吉尼亚理工学院,,0,0
25,戚发轫,Qi Faren,男,中国,1933年4月26日,,空间技术专家，神舟飞船总设计师,[[北京航空航天大学]],北京航空航天大学宇航学院名誉院长,0,0
26,孙来燕,Sun Laiyan,男,中国,1957年10月,,,[[西安交通大学]],,0,0
27,孙家栋,Sun Jiadong,男,中国,1929年4月8日,,运载火箭与卫星技术专家,茹科夫斯基空军工程学院,,0,0
28,陈芳允,Chen Fangyun,男,中国,1916年4月3日,2000年4月29日,,清华大学,中国卫星测量技术的奠基人之一,0,0
29,竺苗龙,Zhu Miaolong,男,中国,1942年4月,,航天力学专家,浙江大学,青岛大学名誉校长,0,0
30,欧阳自远,Ou Yangziyuan,男,中国,1935年10月9日,,天体化学与地球化学家,中国地质大学,中国月球探测工程首席科学家,0,0
31,杜庆华,Du Qinghua,男,中国,1919年4月14日,2006年11月5日,固体力学家,交通大学,,0,0
32,范瑞祥,Fan Ruixiang,男,中国,1965年6月,,,[[北京航空航天大学]],,0,0
33,胡海昌,Hu Haichang,男,中国,1928年4月25日,2011年2月21日,航天力学专家,[[浙江大学]],,0,0
34,胡世祥,Hu Shixiang,男,中国,1940年6月,,,[[哈尔滨工业大学]],中国载人航天工程副总指挥,0,0
35,黄春平,Huang Chunping,男,中国,1938年,,,北京工业学院,,0,0
36,黄纬禄,Huang Weilu,男,中国,1916年12月18日,2011年11月23日,火箭与导弹控制技术专家,[[南京大学]]、伦敦大学帝国学院,,0,0
37,龙乐豪,Long Lehao,男,中国,1938年7月4日,,运载火箭与航天工程专家,[[上海交通大学]],,0,0
38,栾恩杰,Luan Enjie,男,中国,1940年10月25日,,导弹控制技术和航天工程管理专家,[[清华大学]],中国嫦娥工程总指挥,0,0
39,卫一清,Wei Yiqing,男,中国,1915年,1988年4月21日,,山西大学,,0,0
40,叶培建,Ye Peijian,男,中国,1945年1月29日,,人民科学家、空间飞行器总体、信息处理专家,[[浙江大学]],南京航空航天大学航天学院院长,0,0
41,庄逢甘,Zhuang Fenggan,男,中国,1925年2月11日,2010年11月8日,空气动力学家,交通大学,中国风洞试验开拓者,0,0
42,任新民,Ren Xinmin,男,中国,1915年12月5日,2017年2月12日,航天技术与液体火箭发动机技术专家,重庆军政部兵工学校、美国密执安大学研究院,,0,0
43,江绵恒,Jiang Mianheng,男,中国,1951年,,上海科技大学校长,[[复旦大学]],[[创新一号]]首席科学家、嫦娥工程副总指挥,0,0
44,张贵田,Zhang Guitian,男,中国,1931年12月20日,,,莫斯科航空学院,,0,0
45,张其彬,Zhang Qibin,男,中国,1935年11月,2014年12月15日,,[[哈尔滨工业大学]],,0,0
46,张庆伟,Zhang Qingwei,男,中国,1961年11月,,,[[西北工业大学]],,0,0
47,梁思礼,Liang Sili,男,中国,1924年8月24日,2016年4月14日,导弹控制专家,美国普渡大学、辛辛那提大学,,0,0
48,梁守槃,Liang Shoupan,男,中国,1916年4月13日,2009年9月5日,航天工程专家,[[清华大学]]、[[麻省理工大学]],,0,0
49,刘振兴,Liu Zhenxing,男,中国,1929年9月14日,2016年3月23日,,[[南京大学]],,0,0
50,刘永坦,Liu Yongtan,男,中国,1936年12月1日,,,哈尔滨工业大学、清华大学、成都电讯工程学院、英国伯明翰大学,,0,0
51,谢光选,Xie Guangxuan,男,中国,1922年11月5日,2016年2月22日,,重庆兵工学校,,0,0
52,蔡金涛,Cai Jintao,男,中国,1908年7月1日,1996年11月28日,,交通部南洋大学、[[哈佛大学]],,0,0
53,陆元九,Lu Yuanjiu,男,中国,1920年1月9日,,自动控制、陀螺及惯性导航技术专家,南京大学、麻省理工学院,,0,0
54,闵桂荣,Min Guirong,男,中国,1933年6月2日,2021年4月28日,工程热物理学及空间技术专家,厦门大学、东南大学,,0,0
55,李济生,Li Jisheng,男,中国,1943年5月31日,2019年7月28日,人造卫星轨道动力学和卫星测控专家,南京大学,,0,0
56,姜杰,Jiang Jie,女,中国,1960年7月,,运载火箭导航制导与控制专家,[[国防科技大学]],,0,0
57,潘先觉,Pan Xianjue,男,中国,1930年10月,,航天动力学家,交通大学,,0,0
58,谢尔盖·帕夫洛维奇·科罗廖夫,Sergei Korolev,男,苏联,1907年1月12日,1966年1月14日,火箭工程师、火箭设计师,莫斯科鲍曼高等技术学校,R-1弹道导弹的主持研发者、R-7洲际导弹的主导研究者、[[斯普特尼克1号]]的设计者和研发者、[[东方号载人飞船]]的总设计师,,
59,弗拉基米尔·阿克肖诺夫,Vladimir Aksyonov,男,苏联,,,航天员,,[[联盟-22]]、[[联盟 T-2]]航天员,,
60,亚历山大·帕夫洛维奇·亚历山德罗夫,Aleksandr Pavlovich Aleksandrov,男,苏联,,,航天员,,[[联盟T-9]]、[[联盟TM-3]]航天员,,
61,阿纳托利·阿特塞巴斯基,Anatoly Artsebarsky,男,苏联,,,航天员,,[[联盟TM-12]]航天员（发射时为苏联公民）,,
62,尤里·阿图金,Yuri Artyukhin,男,苏联,1930年,1998,航天员,,[[联盟-14]]航天员,,
63,奥列格·阿特科夫,Oleg Atkov,男,苏联,,,航天员,,[[联盟T-10]]、[[联盟T-11]]航天员,,
64,托克塔尔·奥巴基洛夫,Toktar Aubakirov,男,苏联,,,航天员,,[[联盟TM-13]]/[[联盟TM-12|12]]航天员,,
65,亚历山大·尼古拉耶维奇·巴兰丁,Aleksandr Nikolayevich Balandin,男,苏联,,,航天员,,[[联盟TM-9]]航天员,,
66,帕维尔·贝利亚耶夫,Pavel Belyayev,男,苏联,1925年,1970,航天员,,[[上升2号]]航天员,,
67,格奥尔基·别列戈沃伊,Georgi Beregovoi,男,苏联,1921年,1995,航天员,,[[联盟-3]]航天员,,
68,阿纳托利·别列佐沃伊,Anatoli Berezovoy,男,苏联,1942,2014,航天员,,[[联盟T-5号]]/[[联盟T-7|7]]航天员,,
69,瓦伦丁·邦达连科,Valentin Bondarenko,男,苏联,1937,1961,航天员,,<!-- 无飞行任务，死于训练相关的火灾事故 -->,,
70,瓦列里·费奥多罗维奇·贝科夫斯基,Valery Fyodorovich Bykovsky,男,苏联,,,航天员,,[[东方5号]]、[[联盟-22]]、[[联盟-31]]/[[联盟-29|29]]航天员,,
71,格奥尔基·多布罗沃尔斯基,Georgi Dobrovolski,男,苏联,1928,1971,航天员,,[[联盟-11]]航天员,,
72,列夫·戴奥明,Lev Dyomin,男,苏联,1926,1998,航天员,,[[联盟-15]]航天员,,
73,弗拉基米尔·贾尼别科夫,Vladimir Dzhanibekov,男,苏联,,,航天员,,[[联盟-27]]/[[联盟-26|26]]、[[联盟-39]]、[[联盟T-6]]、[[联盟T-12]]、[[联盟T-13]]航天员,,
74,康斯坦丁·费奥基斯托夫,Konstantin Feoktistov,男,苏联,1926,2009,航天员,,[[上升1号]]航天员,,
75,阿纳托利·菲利琴科,Anatoly Filipchenko,男,苏联,,,航天员,,[[联盟-7]]、[[联盟-16]]航天员,,
76,尤里·加加林,Yuri Gagarin,男,苏联,1934,1968,航天员,,人类历史上的首位宇航员、[[东方1号]]航天员,,
77,尤里·格拉兹科夫,Yuri Glazkov,男,苏联,1939,2008,航天员,,[[联盟-24]]航天员,,
78,维克多·戈尔巴特科,Viktor Gorbatko,男,苏联,,,航天员,,[[联盟-7]]、[[联盟-24]]、[[联盟-37]]/[[联盟-36|36]]航天员,,
79,格奥尔基·格雷奇科,Georgi Grechko,男,苏联,1931,2017,航天员,,[[联盟-17]]、[[联盟-26]]/[[联盟-27|27]]、[[联盟T-14]]/[[联盟T-13|13]]航天员,,
80,阿列克谢·古巴列夫,Aleksei Gubarev,男,苏联,,,航天员,,[[联盟-17]]、[[联盟-28]]航天员,,
81,亚历山大·伊万琴科夫,Aleksandr Ivanchenkov,男,苏联,,,航天员,,[[联盟-29]]/[[联盟-31|31]]航天员,,
82,叶夫根尼·赫鲁诺夫,Yevgeny Khrunov,男,苏联,1933,2000,航天员,,[[联盟-5]]/[[联盟-4|4]]航天员,,
83,列奥尼德·奇兹米,Leonid Kizim,男,苏联,1941,2010,航天员,,[[联盟T-3]]、[[联盟T-10]]/[[联盟T-11|11]]、[[联盟T-15]]航天员,,
84,皮特·克里穆克,Petr Klimuk,男,苏联,,,航天员,,[[联盟-13]]、[[联盟-18]]、[[联盟-30]]航天员,,
85,彼得·科洛丁,Pyotr Kolodin,男,苏联,,,航天员,,多次任务的备份航天员，没有太空飞行,,
86,弗拉基米尔·科马罗夫,Vladimir Mikhaylovich Komarov,男,苏联,1927,1967,航天员,,[[上升1号]]、[[联盟-1]]航天员,,
87,弗拉基米尔·科瓦廖克,Vladimir Kovalyonok,男,苏联,,,航天员,,[[联盟-25]]、[[联盟-29]]/[[联盟-31|31]]、[[联盟T-4]]航天员,,
88,瓦列里·库巴索夫,Valeri Kubasov,男,苏联,1935年,2019年,航天员,,[[联盟-6]]、[[联盟-19]]、[[联盟-36]]/[[联盟-35|35]]航天员,,
89,瓦西里·拉扎列夫,Vasili Lazarev,男,苏联,1928,1990,航天员,,[[联盟-12]]、[[联盟-18a]]航天员,,
90,瓦伦丁·列别捷夫,Valentin Lebedev,男,苏联,,,航天员,,[[联盟-13]]、[[联盟T-5]]/[[联盟T-7|7]]航天员,,
91,阿列克谢·列昂诺夫,Alexei Leonov,男,苏联,1934,2019,航天员,,首个太空行走的人类、[[上升2号]]、[[联盟-19]]航天员,,
92,阿纳托利·列夫琴科,Anatoli Levchenko,男,苏联,1941,1988,航天员,,[[联盟TM-4]]/[[联盟TM-3|3]]航天员,,
93,弗拉基米尔·利亚霍夫,Vladimir Lyakhov,男,苏联,,,航天员,,[[联盟-32]]/[[联盟-34|34]]、[[联盟T-9]]、[[联盟TM-6]]、[[联盟TM-5/5]]航天员,,
94,奥列格·格里戈耶维奇·马卡罗夫,Oleg Grigoryevich Makarov,男,苏联,1933,2003,航天员,,[[联盟-12]]、[[联盟(18A)]]、[[联盟-27]]/[[联盟-26|26]]、[[联盟T-3]]航天员,,
95,尤里·马利舍夫,Yuri Malyshev,男,苏联,1941,1999,航天员,,[[联盟T-2]]、[[联盟T-11]]/[[联盟T-10|10]]航天员,,
96,穆萨·马纳罗夫,Musa Manarov,男,苏联,,,航天员,,[[联盟TM-4]]/[[联盟TM-6|6]]、[[联盟TM-11]]航天员,,
97,塔尔加特·穆萨巴耶夫,Talgat Musabayev,男,苏联/哈萨克斯坦,,,航天员,,[[联盟TM-19]]、[[联盟TM-27]]、[[联盟TM-32]]/[[联盟TM-31|31]]航天员,,
98,格里戈里·内柳博夫,Grigori Nelyubov,男,苏联,1934,1966,航天员,,东方系列多次任务的备份航天员,,
99,安德烈扬·尼古拉耶夫,Andriyan Nikolayev,男,苏联,1929,2004,航天员,,[[东方3号]]、[[联盟-9]]航天员,,
100,维克多·帕特萨耶夫,Viktor Patsayev,男,苏联,1933,1971,航天员,,[[联盟-11]]航天员,,
101,列奥尼德·波波夫,Leonid Popov,男,苏联,,,航天员,,[[联盟-35]]/[[联盟-37|37]]、[[联盟-40]]、[[联盟T-7]]/[[联盟T-5|5]]航天员,,
102,帕维尔·波波维奇,Pavel Popovich,男,苏联,1930,2009,航天员,,[[东方4号]]、[[联盟-14]]航天员,,
103,尤里·罗马年科,Yuri Romanenko,男,苏联,,,航天员,,[[联盟-26]]/[[联盟-27|27]]、[[联盟-38]]、[[联盟TM-2]]/[[联盟TM-3|3]]航天员,,
104,瓦列里·罗日德斯文斯基,Valery Rozhdestvensky,男,苏联,,,航天员,,[[联盟-23]]航天员,,
105,尼古拉·鲁卡维什尼科夫,Nikolay Rukavishnikov,男,苏联,1932,2002,航天员,,[[联盟-10]]、[[联盟-16]]、[[联盟-33]]航天员,,
106,根纳迪·萨拉法诺夫,Gennadi Sarafanov,男,苏联,1942,2005,航天员,,[[联盟-15]]航天员,,
107,维克多·萨维尼赫,Viktor Savinykh,男,苏联,,,航天员,,[[联盟T-4]]、[[联盟T-13]]/[[联盟T-14|14]]航天员,,
108,斯韦特兰娜·萨维茨卡娅,Svetlana Savitskaya,女,苏联,,,航天员,,[[联盟T-7]]/[[联盟T-5|5]]、[[联盟T-12]]航天员,,
109,维塔利·塞瓦斯蒂亚诺夫,Vitali Sevastyanov,男,苏联,1935,2010,航天员,,[[联盟-9]]、[[联盟-18]]航天员,,
110,弗拉基米尔·沙塔洛夫,Vladimir Shatalov,男,苏联,,,航天员,,[[联盟-4]]、[[联盟-8]]、[[联盟-10]]航天员,,
111,格奥尔基·绍宁,Georgi Shonin,男,苏联,1935,1997,航天员,,[[联盟-6]]航天员,,
112,弗拉基米尔·索洛夫约夫,Vladimir Solovyov,男,苏联,,,航天员,,[[联盟T-10]]/[[联盟T-11|11]]、[[联盟T-15]]航天员,,
113,瓦莲京娜·捷列什科娃,Valentina Tereshkova,女,苏联,,,航天员,,首位女性航天员、[[东方6号]]航天员,,
114,尔曼·蒂托夫,Gherman Titov,男,苏联,1935,2000,航天员,,[[东方2号]]航天员,,
115,弗拉基米尔·瓦苏丁,Vladimir Vasyutin,男,苏联,1952,2002,航天员,,[[联盟T-14]]航天员,,
116,伊戈尔沃尔克,Igor Volk,男,苏联,,,航天员,,[[联盟T-12]]航天员,,
117,弗拉迪斯拉夫·沃尔科夫,Vladislav Volkov,男,苏联,1935,1971,航天员,,[[联盟-7]]、[[联盟-11]]航天员,,
118,鲍里斯·沃利诺夫,Boris Volynov,男,苏联,,,航天员,,[[联盟-5]]、[[联盟-21]]航天员,,
119,鲍里斯·叶戈罗夫,Boris Yegorov,男,苏联,1937,1994,航天员,,[[上升1号]]航天员,,
120,阿列克谢·叶利塞耶夫,Aleksei Yeliseyev,男,苏联,,,航天员,,[[联盟-5]]/[[联盟-4|4]]、[[联盟-8]]、[[联盟-10]]航天员,,
121,维塔利·日洛博夫,Vitaliy Zholobov,男,苏联,,,航天员,,[[联盟-21]]航天员,,
122,维亚切斯拉夫·祖多夫,Vyacheslav Zudov,男,苏联,,,航天员,,[[联盟-23]]航天员,,
123,亚历山大·拉维金,Aleksandr Laveykin,男,苏联,,,航天员,,[[联盟TM-2]]航天员,,
124,维克托·阿法纳耶夫,Viktor M. Afanasyev,男,苏联/俄罗斯,,,航天员,,[[联盟TM-11]]、[[联盟TM-18]]、[[联盟TM-29]]、[[联盟TM-33]]/[[联盟TM-32|32]]航天员,,
125,谢尔盖·克里卡列夫,Sergei Krikalev,男,苏联/俄罗斯,,,航天员,,[[联盟TM-7]]、[[联盟TM-12]]/[[联盟TM-13|13]]、STS-60、STS-88、[[联盟TM-31]]/STS-102、[[联盟TMA-6]]航天员,,
126,根纳迪·马纳科夫,Gennadi Manakov,男,苏联/俄罗斯,,,航天员,,[[联盟TM-10]]、[[联盟TM-16]]航天员,,
127,瓦莱里·波利亚科夫,Valeri Polyakov,男,苏联/俄罗斯,,,航天员,,[[联盟TM-6]]/[[联盟TM-7|7]]、[[联盟TM-18]]/[[联盟TM-20|20]]航天员,,
128,瓦列里·留明,Valery Ryumin,男,苏联/俄罗斯,1939,2022,航天员,,[[联盟-25]]、[[联盟-32]]/[[联盟-34|34]]、[[联盟35]]/[[联盟-37|37]]、STS-91航天员,,
129,亚历山大·塞雷布罗夫,Aleksandr Serebrov,男,苏联/俄罗斯,1944,2013,航天员,,[[联盟T-7]]/[[联盟T-5|5]]、[[联盟T-8]]、[[联盟TM-8]]、[[联盟TM-17]]航天员,,
130,阿纳托利·索洛维约夫,Anatoly Solovyev,男,苏联/俄罗斯,,,航天员,,[[联盟TM-5]]/[[联盟TM-4|4]]、[[联盟TM-9]]、[[联盟TM-15]]、STS-71/[[联盟TM-21]]、[[联盟TM-26]]航天员,,
131,根纳迪·斯特雷卡洛夫,Gennady Strekalov,男,苏联/俄罗斯,1940,2004,航天员,,[[联盟T-3]]、[[联盟T-8]]、[[联盟T-11]]/[[联盟T-10|10]]、[[联盟TM-21]]/STS-71航天员,,
132,弗拉基米尔·季托夫,Vladimir Titov,男,苏联/俄罗斯,,,航天员,,[[联盟T-8]]、[[联盟TM-4]]/[[联盟TM-6|6]]、STS-63、STS-86航天员,,
133,亚历山大·维克托连科,Alexander Viktorenko,男,苏联/俄罗斯,,,航天员,,[[联盟TM-3]]/[[联盟TM-2|2]]、[[联盟TM-8]]、[[联盟TM-14]]、[[联盟TM-20]]航天员,,
134,亚历山大·亚历山大诺维奇·沃尔科夫,Alexander Alexandrovich Volkov,男,苏联/俄罗斯,,,航天员,,[[联盟T-14]]、[[联盟TM-7]]、[[联盟TM-13]]航天员,,
135,奥列格·阿尔特梅耶夫,Oleg Artemyev,男,俄罗斯,,,航天员,,[[联盟TMA-12M]]、[[联盟MS-08]]、[[联盟MS-21]]航天员,,
136,谢尔盖·阿夫德耶夫,Sergei Avdeyev,男,俄罗斯,,,航天员,,[[联盟TM-15]]、[[联盟TM-22]]航天员,,
137,尤里·巴图林,Yuri Baturin,男,俄罗斯,,,航天员,,[[联盟TM-28]]/[[联盟TM-27|27]]、[[联盟TM-32]]/[[联盟TM-31|31]]航天员,,
138,安德烈·博里森科,Andrei Borisenko,男,俄罗斯,,,航天员,,[[联盟TMA-21]]、[[联盟MS-02]]航天员,,
139,尼古拉·布达林,Nikolai Budarin,男,俄罗斯,,,航天员,,STS-71/[[联盟TM-21]]、[[联盟TM-27]]、[[STS-113]]/[[联盟TMA-1]]航天员,,
140,弗拉基米尔·德朱罗夫,Vladimir Dezhurov,男,俄罗斯,,,航天员,,[[联盟TM-21]]/STS-71航天员,,
141,彼得·杜布罗夫,Pyotr Dubrov,男,俄罗斯,,,航天员,,[[联盟MS-18]]、[[联盟MS-19]]航天员,,
142,尤里·吉登科,Yuri Gidzenko,男,俄罗斯,,,航天员,,[[联盟TM-22]]、[[联盟TM-31]]/STS-102、[[联盟TM-34]]/[[联盟TM-33|33]]航天员,,
143,阿纳托利·伊万尼辛,Anatoli Ivanishin,男,俄罗斯,,,航天员,,[[联盟TMA-22]]、[[联盟MS-16]]航天员,,
144,亚历山大·卡列里,Alexander Kaleri,男,俄罗斯,,,航天员,,[[联盟TM-14]]、[[联盟TM-24]]、[[联盟TM-30]]、[[联盟TMA-3]]、[[联盟TMA-01M]]航天员,,
145,安娜·基基娜,Anna Kikina,男,俄罗斯,,,航天员,,[[载人龙-5]]航天员,,
146,叶琳娜·康达科娃,Yelena Kondakova,男,俄罗斯,,,航天员,,[[联盟TM-20]]/STS-84航天员,,
147,德米特里·孔德拉蒂耶夫,Dmitri Kondratyev,男,俄罗斯,,,航天员,,[[联盟TMA-20]]航天员,,
148,奥列格·科诺连科,Oleg Kononenko,男,俄罗斯,,,航天员,,[[联盟TMA-12]]、[[联盟TMA-03M]]、[[联盟MS-11]]航天员,,
149,米哈伊尔·科尼延科,Mikhail Korniyenko,男,俄罗斯,,,航天员,,[[联盟TMA-18]]、[[联盟TMA-16M]]/[[联盟TMA-18M|18M]]航天员,,
150,谢尔盖·科尔萨科夫,Sergey Korsakov,男,俄罗斯,,,航天员,,[[联盟MS-21]]航天员,,
151,瓦莱里·科尔松,Valery Korzun,男,俄罗斯,,,航天员,,[[联盟TM-24]]、STS-111/113航天员,,
152,奥列格·科托夫,Oleg Kotov,男,俄罗斯,,,航天员,,[[联盟TMA-10]]、[[联盟TMA-17]]、[[联盟TMA-10M]]航天员,,
153,康斯坦丁·科泽耶夫,Konstantin Kozeyev,男,俄罗斯,,,航天员,,[[联盟TM-33]]/[[联盟TM-32|32]]航天员,,
154,谢尔盖·库德·斯维尔奇科夫,Sergey Kud-Sverchkov,男,俄罗斯,,,航天员,,[[联盟MS-17]]航天员,,
155,亚历山大·拉祖特金,Aleksandr Lazutkin,男,俄罗斯,,,航天员,,[[联盟TM-25]]航天员,,
156,尤里·隆查科夫,Yuri Lonchakov,男,俄罗斯,,,航天员,,STS-100、[[联盟TMA-1]]/[[联盟TM-34|TM-34]]、[[联盟TMA-13]]航天员,,
157,尤里·马连琴科,Yuri Malenchenko,男,俄罗斯,,,航天员,,[[联盟TM-19]]、[[STS-106]]、[[联盟TMA-2]]、[[联盟TMA-11]]、[[联盟TMA-05M]]、[[联盟TMA-19M]]航天员,,
158,丹尼斯·马特维耶夫,Denis Matveev,男,俄罗斯,,,航天员,,[[联盟MS-21]]航天员,,
159,亚历山大·米苏尔金,Aleksandr Misurkin,男,俄罗斯,,,航天员,,[[联盟TMA-08M]]、[[联盟MS-06]]、[[联盟MS-20]]航天员,,
160,鲍里斯·莫鲁科夫,Boris Morukov,男,俄罗斯,,,航天员,,STS-106航天员,,
161,奥列格·诺维茨基,Oleg Novitskiy,男,俄罗斯,,,航天员,,[[联盟TMA-06M]]、[[联盟MS-18]]航天员,,
162,尤里·奥努弗里恩科,Yuri Onufrienko,男,俄罗斯,,,航天员,,[[联盟TM-23]]、STS-108/111航天员,,
163,亚历山大·奥夫奇宁,Aleksey Ovchinin,男,俄罗斯,,,航天员,,[[联盟TMA-20M]]航天员,,
164,德米特里·佩特林,Dmitry Petelin,男,俄罗斯,,,航天员,,[[联盟MS-22]]航天员,,
165,亚历山大·波列什丘克,Alexander Poleshchuk,男,俄罗斯,,,航天员,,[[联盟TM-16]]航天员,,
166,谢尔盖·普罗科皮耶夫,Sergey Prokopyev,男,俄罗斯,,,航天员,,[[联盟MS-09]]、[[联盟MS-22]]航天员,,
167,谢尔盖·雷文,Sergei Revin,男,俄罗斯,,,航天员,,[[联盟TMA-04M]]航天员,,
168,罗曼·罗曼尼科,Roman Romanenko,男,俄罗斯,,,航天员,,[[联盟TMA-15]]、[[联盟TMA-07M]]航天员,,
169,谢尔盖·龙赞斯基,Sergey Ryazansky,男,俄罗斯,,,航天员,,[[联盟TMA-10M]]航天员,,
170,谢尔盖·里日科夫,Sergey Ryzhikov,男,俄罗斯,,,航天员,,[[联盟MS-02]]、[[联盟MS-17]]航天员,,
171,亚历山大·萨莫库蒂耶夫,Aleksandr Samokutyayev,男,俄罗斯,,,航天员,,[[联盟TMA-21]]、[[联盟TMA-14M]]航天员,,
172,耶琳娜·塞罗娃,Yelena Serova,女,俄罗斯,,,航天员,,[[联盟TMA-14M]]航天员,,
173,尤里·沙金,Yuri Shargin,男,俄罗斯,,,航天员,,[[联盟TMA-5]]/[[联盟TMA-4|4]]航天员,,
174,萨利赞·沙里波夫,Salizhan Sharipov,男,俄罗斯,,,航天员,,STS-89、[[联盟TMA-5]]航天员,,
175,安东·什卡普列罗夫,Anton Shkaplerov,男,俄罗斯,,,航天员,,[[联盟TMA-22]]、[[联盟TMA-15M]]、[[联盟MS-19]]航天员,,
176,奥列格·斯克里波奇卡,Oleg Skripochka,男,俄罗斯,,,航天员,,[[联盟TMA-01M]]航天员,,
177,亚历山大·斯科沃佐夫,Aleksandr Skvortsov,男,俄罗斯,,,航天员,,[[联盟TMA-18]]、[[联盟TMA-12M]]航天员,,
178,马克西姆·苏拉耶夫,Maksim Surayev,男,俄罗斯,,,航天员,,[[联盟TMA-16]]、[[联盟TMA-13M]]航天员,,
179,叶夫根尼·塔雷尔金,Evgeny Tarelkin,男,俄罗斯,,,航天员,,[[联盟TMA-06M]]航天员,,
180,瓦莱里·托卡列夫,Valery Tokarev,男,俄罗斯,,,航天员,,STS-96、[[联盟TMA-7]]航天员,,
181,谢尔盖·特雷什乔夫,Sergei Treshchov,男,俄罗斯,,,航天员,,STS-111/113航天员,,
182,瓦西里·齐布利耶夫,Vasili Tsibliyev,男,俄罗斯,,,航天员,,[[联盟TM-17]]、[[联盟TM-25]]航天员,,
183,米哈伊尔·图林,Mikhail Tyurin,男,俄罗斯,,,航天员,,STS-105/108、[[联盟TMA-9]]、[[联盟TMA-11M]]航天员,,
184,伊万·瓦格纳,Ivan Vagner,男,俄罗斯,,,航天员,,[[联盟MS-16]]航天员,,
185,帕维尔·维诺格拉多夫,Pavel Vinogradov,男,俄罗斯,,,航天员,,[[联盟TM-26]]、[[联盟TMA-8]]航天员,,
186,谢尔盖·沃尔科夫,Sergey Volkov,男,俄罗斯,,,航天员,,[[联盟TMA-12]]、[[联盟TMA-02M]]、[[联盟TMA-18M]]航天员,,
187,费奥多尔·尤奇钦,Fyodor Yurchikhin,男,俄罗斯,,,航天员,,STS-112]]、[[联盟TMA-10]]、[[联盟TMA-19]]、[[联盟TMA-09M]]航天员,,
188,根纳迪·帕达尔卡,Gennady Padalka,男,俄罗斯,,,航天员,,[[联盟TM-28]]、[[联盟TMA-4]]、[[联盟TMA-14]]、[[联盟TMA-04M]]、[[联盟TMA-16M]]航天员,,
189,尤里·乌萨乔夫,Yuri Usachov,男,俄罗斯,,,航天员,,[[联盟TM-18]]、[[联盟TM-23]]、STS-101、STS-102/105航天员,,
190,谢尔盖·扎利奥丁,Sergei Zalyotin,男,俄罗斯,,,航天员,,[[联盟TM-30]]、[[联盟TMA-1]]/[[联盟TM-34|TM-34]]航天员,,
191,约瑟夫·迈克尔·阿卡巴,"Acaba, Joseph M.",男,美国,1967年,,教育家、地质学家、宇航员,加州大学圣巴巴拉分校、亚利桑那大学、德克萨斯理工大学,STS-119（[[发现号]]）、远征31/32（[[联盟TMA-04M]]）、远征53/54（[[联盟MS-06]]）任务的宇航员,,
192,艾伦·宾,Alan Bean,男,美国,1932年,2018年,,,[[阿波罗12号]]、[[天空实验室3号]]任务的宇航员,,
193,艾伦·G·庞德克斯特,Alan G. Poindexter,男,美国,1961年,2012年,,,STS-122、STS-131任务的宇航员,,
194,艾伦·谢泼德,Alan Shepard,男,美国,1923年,1998年,,,美国首个航天员，Mercury-Redstone 3、[[阿波罗14号]]、任务的宇航员,,
195,阿尔伯特·萨科,Albert Sacco,男,美国,,,,,STS-73任务的宇航员,,
196,阿尔弗雷德·沃登,Alfred Worden,男,美国,1932年,2020年,,,[[阿波罗15号]]任务的宇航员,,
197,安德鲁·J·费尔斯特,Andrew J. Feustel,男,美国,,,,,STS-125、STS-134、[[联盟MS-08]]任务的宇航员,,
198,安德鲁·M·艾伦,Andrew M. Allen,男,美国,,,,,STS-46、STS-62、STS-75任务的宇航员,,
199,安德鲁·R·摩根,Andrew R. Morgan,男,美国,,,,,[[联盟MS-13]]任务的宇航员,,
200,安娜·李·费舍尔,Anna Lee Fisher,女,美国,,,,,STS-51-A任务的宇航员,,
201,行少校麦克莱恩,Anne McClain,女,美国,,,,,[[联盟MS-11]]任务的宇航员,,
202,安东尼·卢埃林,Anthony Llewellyn,男,美国,,,,,,,
203,安东尼·英格兰,Anthony W. England,男,美国,,,,,STS-51-F任务的宇航员,,
204,B·阿尔文·德鲁,B. Alvin Drew,男,美国,,,,,STS-118、STS-133任务的宇航员,,
205,芭芭拉·摩根,Barbara Morgan,女,美国,,,,,STS-118任务的宇航员,,
206,迈克尔·巴瑞特,"Barratt, Michael R.",男,美国,1959年4月16日,,医学博士、宇航员,西北大学、莱特州大学,[[STS]]-133、远征19/20（[[联盟TMA-14]]）任务的宇航员,,
208,巴里·威尔莫尔,Barry Wilmore,男,美国,,,,,STS-129、[[联盟TMA-14M]]任务的宇航员,,
209,小伯纳德·A·哈里斯,"Bernard A. Harris, Jr.",男,美国,,,,,STS-55、STS-63任务的宇航员,,
210,贝丝·摩西,Beth Moses,男,美国,,,,,VSS Unity VF-01任务的宇航员,,
211,比尔·达纳,Bill Dana,男,美国,,,,,[[X-15]]任务的宇航员,,
212,邦妮·J·邓巴,Bonnie J. Dunbar,女,美国,,,,,STS-61-A、STS-32、STS-50、STS-71、STS-89任务的宇航员,,
213,小布伦特·W·杰特,"Brent W. Jett, Jr.",男,美国,,,,,STS-72、STS-81、STS-97、STS-115任务的宇航员,,
214,布鲁斯特·肖,Brewster Shaw,男,美国,,,,,STS-9、STS-61-B、STS-28任务的宇航员,,
215,布莱恩·宾尼,Brian Binnie,男,美国,,,,,SpaceShipOne flight 17P任务的宇航员,,
216,布莱恩·达菲,Brian Duffy,男,美国,,,,,STS-45、STS-57、STS-72、STS-92任务的宇航员,,
217,布莱恩·奥列里,Brian O'Leary,男,美国,,,,,,,
218,布鲁斯·麦克坎德雷斯二世,Bruce McCandless II,男,美国,1937年,2017年,,,STS-41-B、STS-31任务的宇航员,,
219,布鲁斯·梅尔尼克,Bruce Melnick,男,美国,,,,,STS-41、STS-49任务的宇航员,,
220,布莱恩·奥康纳,Bryan O'Connor,男,美国,,,,,STS-61-B、STS-40任务的宇航员,,
221,巴兹·奥尔德林,Buzz Aldrin,男,美国,,,,,第二个登月的人类，[[双子星座12号]]、[[阿波罗11号]]任务的宇航员,,
222,拜伦·利希滕贝格,Byron Lichtenberg,男,美国,,,,,STS-9、STS-45任务的宇航员,,
223,卡尔·米德,Carl Meade,男,美国,,,,,STS-38、STS-50、STS-64任务的宇航员,,
224,卡尔·沃尔兹,Carl Walz,男,美国,,,,,STS-51、STS-65、STS-79、STS-108/111任务的宇航员,,
225,凯瑟琳·科尔曼,Catherine Coleman,女,美国,,,,,STS-73、STS-93、[[联盟TMA-20]]任务的宇航员,,
226,查尔斯·博尔登,Charles Bolden,男,美国,,,,,STS-61-C、STS-31、STS-45、STS-60任务的宇航员,,
227,查尔斯·卡马尔达,Charles Camarda,男,美国,,,,,STS-114任务的宇航员,,
228,查尔斯·D·沃克,Charles D. Walker,男,美国,,,,,STS-41-D、STS-51-D、STS-61-B任务的宇航员,,
229,查尔斯·杜克,Charles Duke,男,美国,,,,,[[阿波罗16号]]任务的宇航员,,
230,小查尔斯·E·布雷迪,"Charles E. Brady, Jr.",男,美国,1951年,2006年,,,STS-78任务的宇航员,,
231,查尔斯·杰马尔,Charles Gemar,男,美国,,,,,STS-38、STS-48、STS-62任务的宇航员,,
232,查尔斯·霍博,Charles Hobaugh,男,美国,,,,,STS-104、STS-118、STS-129任务的宇航员,,
233,查尔斯·普雷克特,Charles Precourt,男,美国,,,,,STS-55、STS-71、STS-84、STS-91任务的宇航员,,
234,查尔斯·韦奇,Charles Veach,男,美国,1944年,1995年,,,STS-39、STS-52任务的宇航员,,
235,查理·巴塞特,Charlie Bassett,男,美国,1931年,1966年,,,,,
236,克里斯塔·麦考利夫,Christa McAuliffe,女,美国,,,,,<!-- 死于挑战者航天飞机事故 -->,,
237,克里斯蒂娜·汉莫克·科赫,Christina Hammock Koch,女,美国,,,,,第一个全女性太空行走团队成员，[[联盟MS-12]]/[[联盟MS-13|13]]、远征59/60/61任务的宇航员,,
238,克里斯托弗·奥特曼,Christopher Altman,男,美国,,,,,NASA训练的商业航天员,,
239,克里斯托弗·卡西迪,Christopher Cassidy,男,美国,,,,,STS-127、[[联盟MS-16]]任务的宇航员,,
240,克里斯托弗·弗格森,Christopher Ferguson,男,美国,,,,,STS-115、STS-126、STS-135任务的宇航员,,
241,克里斯托弗·洛里亚,Christopher Loria,男,美国,,,,,,,
242,克莱顿·安德森,Clayton Anderson,男,美国,,,,,STS-117/120、STS-131任务的宇航员,,
243,克利夫顿·威廉姆斯,Clifton Williams,男,美国,1932年,1967年,,,<!-- 没有航天飞行，死于训练事故 -->,,
244,科特·米歇尔,Curt Michel,男,美国,1934年,2015年,,,,,
245,柯提斯·布朗,Curtis Brown,男,美国,,,,,STS-47、STS-66、STS-77、STS-85、STS-95、STS-103任务的宇航员,,
246,戴尔·加德纳,Dale Gardner,男,美国,1948年,2014年,,,STS-8、STS-51-A任务的宇航员,,
247,丹尼尔·巴利,Daniel Barry,男,美国,,,,,STS-72、STS-96、STS-105任务的宇航员,,
248,丹尼尔·布兰登斯坦,Daniel Brandenstein,男,美国,,,,,STS-8、STS-51-G、STS-32、STS-49任务的宇航员,,
249,丹尼尔·伯班克,Daniel Burbank,男,美国,,,,,STS-106、STS-115、[[联盟TMA-22]]任务的宇航员,,
250,丹尼尔·布尔奇,Daniel Bursch,男,美国,,,,,STS-51、STS-68、STS-77、STS-108/111任务的宇航员,,
251,丹尼尔·塔尼,Daniel Tani,男,美国,,,,,STS-108、STS-120/122任务的宇航员,,
252,大卫·格里格斯,David Griggs,男,美国,1939年,1989年,,,STS-51-D任务的宇航员,,
253,大卫·希尔默斯,David Hilmers,男,美国,,,,,STS-51-J、STS-26、STS-36、STS-42任务的宇航员,,
254,大卫·利斯特玛,David Leestma,男,美国,,,,,STS-41-G、STS-28、STS-45任务的宇航员,,
255,大卫·M·布朗,David M. Brown,男,美国,1956年,2003年,,,STS-107任务的宇航员,,
256,大卫·沃克,David M. Walker,男,美国,1944年,2001年,,,STS-51-A、STS-30、STS-53、STS-69任务的宇航员,,
257,戴维·斯科特,David Scott,男,美国,,,,,[[双子星座8号]]、[[阿波罗9号]]、[[阿波罗15号]]任务的宇航员,,
258,大卫·沃尔夫,David Wolf,男,美国,,,,,STS-58、STS-86/89、STS-112、STS-127任务的宇航员,,
259,迪克·斯雷顿,Deke Slayton,男,美国,1924年,1993年,,,[[阿波罗-联盟测试体]]任务的宇航员,,
260,迪克·斯科比,Dick Scobee,男,美国,1939年,1986年,,,STS-41-C、STS-51L任务的宇航员,,
261,多米尼克·A·安东内利,Dominic A. Antonelli,男,美国,,,,,STS-119、STS-132任务的宇航员,,
262,多米尼克·戈里,Dominic Gorie,男,美国,,,,,STS-91、STS-99、STS-108、STS-123任务的宇航员,,
263,唐·林德,Don Lind,男,美国,,,,,STS-51-B任务的宇航员,,
264,唐纳德·霍尔姆奎斯特,Donald Holmquest,男,美国,,,,,,,
265,唐纳德·麦克莫格尔,Donald McMonagle,男,美国,,,,,STS-39、STS-54、STS-66任务的宇航员,,
266,唐纳德·彼得森,Donald Peterson,男,美国,,,,,STS-6任务的宇航员,,
267,唐纳德·佩蒂特,Donald Pettit,男,美国,,,,,STS-113/[[联盟TMA-1]]、STS-126、[[联盟TMA-03M]]任务的宇航员,,
268,唐纳德·托马斯,Donald Thomas,男,美国,,,,,STS-65、STS-70、STS-83、STS-94任务的宇航员,,
269,唐纳德·威廉姆斯,Donald Williams,男,美国,1942年,2016年,,,STS-51-D、STS-34任务的宇航员,,
270,唐·埃斯利,Donn F. Eisele,男,美国,1930年,1987年,,,[[阿波罗7号]]任务的宇航员,,
271,多萝西·M·梅特卡夫·林登堡,Dorothy M. Metcalf-Lindenburger,女,美国,,,,,STS-131任务的宇航员,,
272,道格·尚恩,Doug Shane,男,美国,,,,,SpaceShipOne 2003任务的宇航员,,
273,道格拉斯·G·赫尔利,Douglas G. Hurley,男,美国,,,,,STS-127、STS-135、[[载人龙DM-2]]任务的宇航员,,
274,道格拉斯·惠洛克,Douglas Wheelock,男,美国,,,,,STS-120、[[联盟TMA-19]]任务的宇航员,,
275,杜安·G·凯里,Duane G. Carey,男,美国,,,,,STS-109任务的宇航员,,
276,杜安·格拉韦林,Duane Graveline,男,美国,1931年,2016年,,,,,
277,埃迪·怀特,Ed White,男,美国,1930年,1967年,,,[[双子星座4号]]任务的宇航员 <!-- 死于[[阿波罗1号]]事故 -->,,
278,艾德加·米切尔,Edgar Mitchell,男,美国,1930年,2016年,,,[[阿波罗14号]]任务的宇航员,,
279,爱德华·吉布森,Edward Gibson,男,美国,,,,,[[天空实验室4号]]任务的宇航员,,
280,爱德华·吉文斯,Edward Givens,男,美国,1930年,1967年,,,,,
281,爱德华·卢,Edward Lu,男,美国,,,,,STS-84、STS-106、[[联盟TMA-2]]任务的宇航员,,
282,艾琳·科林斯,Eileen Collins,女,美国,,,,,STS-63、STS-84、STS-93、STS-114任务的宇航员,,
283,艾伦·奥乔亚,Ellen Ochoa,女,美国,,,,,STS-56、STS-66、STS-96、STS-110任务的宇航员,,
284,艾伦·S·贝克,Ellen S. Baker,女,美国,,,,,STS-34、STS-50、STS-71任务的宇航员,,
285,埃里奥特·希,Elliot See,男,美国,1927年,1966年,,,,,
286,鬼冢承次,Ellison Onizuka,男,美国,1946年,1986年,,,STS-51-C、STS-51L任务的宇航员,,
288,埃里克·博伊,Eric A. Boe,男,美国,1964年10月1日,,美国空军退役上校、宇航员,美国空军学院、佐治亚理工学院,空军飞行时长超过6000小时，STS-126（[[奋进号]]）、STS-133（[[发现号]]）任务的飞行员，约翰逊航天中心宇航员办公室商业乘员主任的助理,,
289,尤金·塞尔南,Eugene Cernan,男,美国,1934年,2017年,,,[[双子星座9号]]、[[阿波罗10号]]、[[阿波罗17号]]任务的宇航员,,
290,尤金·特里赫,Eugene Trinh,男,美国,,,,,STS-50任务的宇航员,,
291,F·德鲁·加夫尼,F. Drew Gaffney,男,美国,,,,,STS-40任务的宇航员,,
292,费尔南多·卡尔代罗,Fernando Caldeiro,男,美国,1958年,2009年,,,,,
293,弗兰克·博尔曼,Frank Borman,男,美国,,,,,[[双子星座7号]]、[[阿波罗8号]]任务的宇航员,,
294,小弗兰克·L·卡尔伯森,"Frank L. Culbertson, Jr.",男,美国,,,,,STS-38、STS-51、STS-105/108任务的宇航员,,
295,弗莱德·海斯,Fred Haise,男,美国,,,,,[[阿波罗13号]]任务的宇航员,,
296,弗雷德里克·格雷戈里,Frederick Gregory,男,美国,,,,,STS-51-B、STS-33、STS-44任务的宇航员,,
297,弗雷德里克·哈克,Frederick Hauck,男,美国,,,,,STS-7、STS-51-A、STS-26任务的宇航员,,
298,弗雷德里克·斯图科夫,Frederick Sturckow,男,美国,,,,,STS-88、STS-105、STS-117、STS-128、VSS Unity VP-03任务的宇航员,,
299,弗雷德里克·W·莱斯利,Frederick W. Leslie,男,美国,,,,,STS-73任务的宇航员,,
300,G·大卫·洛,G. David Low,男,美国,1956年,2008年,,,STS-32、STS-43、STS-57任务的宇航员,,
301,加勒特·雷斯曼,Garrett Reisman,男,美国,,,,,STS-123/124、STS-132任务的宇航员,,
302,加里·佩顿,Gary Payton,男,美国,,,,,STS-51-C任务的宇航员,,
303,乔治·D·赞卡,George D. Zamka,男,美国,,,,,STS-120、STS-130任务的宇航员,,
304,乔治·尼尔森,George Nelson,男,美国,,,,,STS-41-C、STS-61-C、STS-26任务的宇航员,,
305,杰拉德·卡尔,Gerald Carr,男,美国,1932年,,,,[[天空实验室4号]]任务的宇航员,,
306,戈尔登·库勃,Gordon Cooper,男,美国,1927年,2004年,,,[[水星9号]]、[[双子星座5号]]任务的宇航员,,
307,戈登·富勒顿,Gordon Fullerton,男,美国,1936年,2013年,,,STS-3、STS-51-F任务的宇航员,,
308,格雷戈里·约翰逊,Gregory C. Johnson,男,美国,,,,,STS-125任务的宇航员,,
309,格雷戈里·查米托夫,Gregory Chamitoff,男,美国,,,,,STS-124/126、STS-134任务的宇航员,,
310,格雷戈里·约翰逊,Gregory H. Johnson,男,美国,,,,,STS-123、STS-134任务的宇航员,,
311,格雷戈里·哈博,Gregory Harbaugh,男,美国,,,,,STS-39、STS-54、STS-71、STS-82任务的宇航员,,
312,格雷戈里·林特里斯,Gregory Linteris,男,美国,,,,,STS-83、STS-94任务的宇航员,,
313,格雷戈里·R·怀斯曼,Gregory R. Wiseman,男,美国,,,,,[[联盟TMA-13M]]任务的宇航员,,
314,圭恩·布鲁福德,Guion Bluford,男,美国,,,,,STS-8、STS-61-A、STS-39、STS-53任务的宇航员,,
315,加斯·格里森,Gus Grissom,男,美国,1926年,1967年,,,Mercury-Redstone 4、[[双子星座3号]]任务的宇航员,,
316,盖伊·加德纳,Guy Gardner,男,美国,,,,,STS-27、STS-35任务的宇航员,,
317,哈里森·施密特,Harrison Schmitt,男,美国,,,,,[[阿波罗17号]]任务的宇航员,,
318,海德玛丽·斯特凡尼什恩·派珀,Heidemarie Stefanyshyn-Piper,女,美国,,,,,STS-115、STS-126任务的宇航员,,
319,亨利·哈特斯菲尔德,Henry Hartsfield,男,美国,1933年,2014年,,,STS-4、STS-41-D、STS-61-A任务的宇航员,,
320,杰克·D·费舍尔,Jack D. Fischer,男,美国,,,,,[[联盟MS-04]]任务的宇航员,,
321,杰克·洛斯马,Jack Lousma,男,美国,,,,,[[天空实验室3号]]、STS-3任务的宇航员,,
322,杰克·斯威格特,Jack Swigert,男,美国,1931年,1982年,,,[[阿波罗13号]]任务的宇航员,,
323,詹姆斯·亚当森,James Adamson,男,美国,1946年,,,,STS-28、STS-43任务的宇航员,,
324,詹姆斯·布克利,James Buchli,男,美国,,,,,STS-51-C、STS-61-A、STS-29、STS-48任务的宇航员,,
325,詹姆斯·达顿,James Dutton,男,美国,,,,,STS-131任务的宇航员,,
326,詹姆斯·F·赖利,James F. Reilly,男,美国,,,,,STS-89、STS-104、STS-117任务的宇航员,,
327,詹姆斯·H·纽曼,James H. Newman,男,美国,,,,,STS-51、STS-69、STS-88、STS-109任务的宇航员,,
328,詹姆斯·哈尔塞尔,James Halsell,男,美国,,,,,STS-65、STS-74、STS-83、STS-94、STS-101任务的宇航员,,
329,詹姆斯·艾尔文,James Irwin,男,美国,1930年,,,,[[阿波罗15号]]任务的宇航员,,
330,詹姆斯·M·凯利,James M. Kelly,男,美国,,,,,STS-102、STS-114任务的宇航员,,
331,詹姆斯·M·泰勒,James M. Taylor,男,美国,1930年,1970年,,,<!-- 没有航天飞行，Manned Orbiting Laboratory计划训练者 -->,,
332,詹姆斯·麦克迪维特,James McDivitt,男,美国,,,,,[[双子星座4号]]、[[阿波罗9号]]任务的宇航员,,
333,詹姆斯·P·巴吉安,James P. Bagian,男,美国,,,,,STS-29、STS-40任务的宇航员,,
334,詹姆斯·帕维尔奇克,James Pawelczyk,男,美国,,,,,STS-90任务的宇航员,,
335,詹姆斯·范·霍夫滕,James van Hoften,男,美国,,,,,STS-41-C、STS-51-I任务的宇航员,,
336,詹姆斯·沃斯,James Voss,男,美国,,,,,STS-44、STS-53、STS-69、STS-101、STS-102/105任务的宇航员,,
337,詹姆斯·韦瑟比,James Wetherbee,男,美国,,,,,STS-32、STS-52、STS-63、STS-86、STS-102、STS-113任务的宇航员,,
338,珍妮特·L·卡瓦迪,Janet L. Kavandi,女,美国,,,,,STS-91、STS-99、STS-104任务的宇航员,,
339,珍妮丝·沃斯,Janice Voss,女,美国,,,,,STS-57、STS-63、STS-83、STS-94、STS-99任务的宇航员,,
340,贾斯明·莫赫贝利,Jasmin Moghbeli,女,美国,,,,,[[载人龙-7]]的宇航员,,
341,杰伊·巴基,Jay C. Buckey,男,美国,,,,,STS-90任务的宇航员,,
342,珍妮特·艾普斯,Jeanette J. Epps,女,美国,,,,,,,
343,杰弗里·阿什比,Jeffrey Ashby,男,美国,,,,,STS-93、STS-100、STS-112任务的宇航员,,
344,杰弗里·霍夫曼,Jeffrey Hoffman,男,美国,,,,,STS-51-D、STS-35、STS-46、STS-61、STS-75任务的宇航员,,
345,杰弗里·威廉姆斯,Jeffrey Williams,男,美国,,,,,STS-101、[[联盟TMA-8]]、[[联盟TMA-16]]任务的宇航员,,
346,杰罗姆·阿普特,Jerome Apt,男,美国,,,,,STS-37、STS-47、STS-59、STS-79任务的宇航员,,
347,杰瑞·罗斯,Jerry L. Ross,男,美国,,,,,STS-61-B、STS-27、STS-37、STS-55、STS-74、STS-88、STS-110任务的宇航员,,
348,杰瑞·林恩格,Jerry Linenger,男,美国,,,,,STS-64、STS-81/84任务的宇航员,,
349,杰西卡·梅尔,Jessica Meir,女,美国,,,,,第一个全女性太空行走团队成员，[[联盟MS-15]]、远征61/62任务的宇航员,,
350,杰西卡·沃特金斯,Jessica Watkins,女,美国,,,,,[[载人龙-4]]、任务的宇航员,,
351,吉姆·洛威尔,Jim Lovell,男,美国,,,,,[[双子星座7号]]、[[双子星座12号]]、[[阿波罗8号]]、[[阿波罗13号]]任务的宇航员,,
352,琼·希金博特姆,Joan Higginbotham,女,美国,,,,,STS-116任务的宇航员,,
353,乔·爱德华兹,Joe Edwards,男,美国,,,,,STS-89任务的宇航员,,
354,乔·H·恩格尔,Joe H. Engle,男,美国,,,,,[[X-15]]、STS-2、STS-51-I任务的宇航员,,
355,约翰·麦凯,John B. McKay,男,美国,1922年,,,,[[X-15]]任务的宇航员,,
356,约翰·布拉哈,John Blaha,男,美国,,,,,STS-29、STS-33、STS-43、STS-58、STS-79/81任务的宇航员,,
357,约翰·卡斯帕,John Casper,男,美国,,,,,STS-36、STS-54、STS-62、STS-77任务的宇航员,,
358,约翰·D·奥利瓦斯,John D. Olivas,男,美国,,,,,STS-117、STS-128任务的宇航员,,
359,约翰·法比安,John Fabian,男,美国,,,,,STS-7、STS-51-G任务的宇航员,,
360,约翰·格伦,John Glenn,男,美国,1921年,2016年,,,[[水星6号]]、STS-95任务的宇航员,,
361,约翰·格伦斯菲尔德,John Grunsfeld,男,美国,,,,,STS-67、STS-81、STS-103、STS-109、STS-125任务的宇航员,,
362,约翰·赫林顿,John Herrington,男,美国,,,,,STS-113任务的宇航员,,
363,约翰·芬利,John L. Finley,男,美国,1935年,2006年,,,<!-- 没有航天飞行，Manned Orbiting Laboratory计划训练者 -->,,
364,约翰休息室,John Lounge,男,美国,,,,,STS-51-I、STS-26、STS-35任务的宇航员,,
365,约翰·O·克莱顿,John O. Creighton,男,美国,,,,,STS-51-G、STS-36、STS-48任务的宇航员,,
366,约翰·菲力普斯,John Phillips,男,美国,,,,,STS-100、[[联盟TMA-6]]、STS-119任务的宇航员,,
367,约翰·布尔,John S. Bull,男,美国,1934年,2008年,,,,,
368,约翰·杨,John Young,男,美国,1930年,2018年,,,[[双子星座3号]]、[[双子星座10号]]、[[阿波罗10号]]、[[阿波罗16号]]、STS-1、STS-9任务的宇航员,,
369,约翰·戴维·巴顿,John-David F. Bartoe,男,美国,,,,,STS-51-F任务的宇航员,,
370,乔恩·麦克布莱德,Jon McBride,男,美国,,,,,STS-41-G任务的宇航员,,
371,乔尼·基姆,Jonny Kim,男,美国,,,,,,,
372,约瑟夫·A·沃克,Joseph A. Walker,男,美国,1921年,1966年,,,[[X-15]]任务的宇航员,,
373,约瑟夫·科文,Joseph Kerwin,男,美国,,,,,[[天空实验室2号]]任务的宇航员,,
374,约瑟夫·P·艾伦,Joseph P. Allen,男,美国,,,,,STS-5、STS-51-A任务的宇航员,,
375,约瑟夫·坦纳,Joseph Tanner,男,美国,,,,,STS-66、STS-82、STS-97、STS-115任务的宇航员,,
376,乔什·卡萨达,Josh Cassada,男,美国,,,,,[[载人龙-5]]任务的宇航员,,
377,何塞·M·埃尔南德斯,José M. Hernández,男,美国,,,,,STS-128任务的宇航员,,
378,朱迪斯·蕾斯尼克,Judith Resnik,女,美国,,,,,STS-41D、STS-51L任务的宇航员,,
379,K·梅根·麦克阿瑟,K. Megan McArthur,女,美国,,,,,STS-125、[[载人龙-2]]任务的宇航员,,
380,凯伦·尼伯格,Karen Nyberg,女,美国,,,,,STS-124、[[联盟TMA-09M]]任务的宇航员,,
381,卡尔·海因兹,Karl Henize,男,美国,1926年,1993年,,,STS-51-F任务的宇航员,,
382,卡罗尔·鲍勃科,Karol Bobko,男,美国,,,,,STS-6、STS-51-D、STS-51-J任务的宇航员,,
383,凯瑟琳·鲁宾斯,Kathleen Rubins,男,美国,,,,,远征48、远征49、[[联盟MS-17]]任务的宇航员,,
384,凯思琳·希尔,Kathryn Hire,女,美国,,,,,STS-90、STS-130任务的宇航员,,
385,凯瑟琳·苏利文,Kathryn Sullivan,女,美国,,,,,STS-41-G、STS-31、STS-45任务的宇航员,,
386,凯瑟琳·索恩顿,Kathryn Thornton,女,美国,,,,,STS-33、STS-49、STS-61、STS-73任务的宇航员,,
207,凯拉·巴伦,"Barron, Kayla",女,美国,1987年9月19日,,宇航员、美国海军中尉指挥官,马里兰州安纳波利斯海军学院、剑桥大学,第一批进入潜艇社区的女成员、[[载人龙-3]]任务的宇航员,,
388,肯·马丁利,Ken Mattingly,男,美国,,,,,STS-50、STS-61、STS-73、STS-82、STS-113/[[联盟TMA-1]]任务的宇航员,,
389,肯尼斯·鲍尔索克斯,Kenneth Bowersox,男,美国,,,,,[[阿波罗16号]]、STS-4、STS-51-C任务的宇航员,,
390,肯尼斯·科克雷尔,Kenneth Cockrell,男,美国,,,,,STS-56、STS-69、STS-80、STS-98、STS-111任务的宇航员,,
391,肯尼思·D·卡梅隆,Kenneth D. Cameron,男,美国,,,,,STS-37、STS-56、STS-74任务的宇航员,,
392,肯尼斯·哈姆,Kenneth Ham,男,美国,,,,,STS-124、STS-132任务的宇航员,,
393,肯尼斯·雷德勒,Kenneth Reightler,男,美国,,,,,STS-48、STS-60任务的宇航员,,
394,肯特·罗明格,Kent Rominger,男,美国,,,,,STS-73、STS-80、STS-85、STS-96、STS-100任务的宇航员,,
395,凯文·A·福特,Kevin A. Ford,男,美国,,,,,STS-128、[[联盟TMA-06M]]任务的宇航员,,
396,凯文·克雷格尔,Kevin Kregel,男,美国,,,,,STS-70、STS-78、STS-87、STS-99任务的宇航员,,
397,凯文·P·奇尔顿,Kevin P. Chilton,男,美国,,,,,STS-49、STS-59、STS-76任务的宇航员,,
398,谢尔·林德格伦,Kjell N. Lindgren,男,美国,,,,,[[联盟TMA-17M]]、[[载人龙-4]]任务的宇航员,,
399,劳雷尔·B·克拉克,Laurel B. Clark,女,美国,1961年,2003年,,,STS-107任务的宇航员,,
400,劳伦斯·J·德卢卡斯,Lawrence J. DeLucas,男,美国,,,,,STS-50任务的宇航员,,
401,李·阿尔尚博,Lee Archambault,男,美国,,,,,STS-117、STS-119任务的宇航员,,
402,李·莫林,Lee Morin,男,美国,,,,,STS-110任务的宇航员,,
403,利兰·D·梅尔文,Leland D. Melvin,男,美国,,,,,STS-122、STS-129任务的宇航员,,
404,焦立中,Leroy Chiao,男,美国,,,,,STS-65、STS-72、STS-92、[[联盟TMA-5]]任务的宇航员,,
405,琳达·戈德温,Linda Godwin,女,美国,,,,,STS-37、STS-59、STS-76、STS-108任务的宇航员,,
406,丽莎·诺瓦克,Lisa Nowak,女,美国,,,,,STS-121任务的宇航员,,
407,劳埃德·哈蒙德,Lloyd Hammond,男,美国,,,,,STS-39、STS-64任务的宇航员,,
408,洛拉尔·奥哈拉,Loral O'Hara,女,美国,,,,,,,
409,洛伦·阿克顿,Loren Acton,男,美国,1936年,,,,STS-51-F任务的宇航员,,
410,罗伦·施里弗,Loren Shriver,男,美国,,,,,STS-51-C、STS-31、STS-46任务的宇航员,,
411,梅·杰米森,Mae Jemison,女,美国,,,,,STS-47任务的宇航员,,
412,小马里奥·伦科,"Mario Runco, Jr.",男,美国,,,,,STS-44、STS-54、STS-77任务的宇航员,,
413,马克·布朗,Mark Brown,男,美国,,,,,STS-28、STS-48任务的宇航员,,
414,马克·C·李,Mark C. Lee,男,美国,,,,,STS-30、STS-47、STS-64、STS-82任务的宇航员,,
415,马克·凯利,Mark Kelly,男,美国,,,,,STS-108、STS-121、STS-124、STS-134任务的宇航员,,
416,马克·波兰斯基,Mark Polansky,男,美国,,,,,STS-98、STS-116、STS-127任务的宇航员,,
417,马克·斯塔基,Mark Stucky,男,美国,,,,,VSS Unity VP-03任务的宇航员,,
418,马克·范德黑,Mark Vande Hei,男,美国,,,,,[[联盟MS-06]]、[[联盟MS-18]]、[[联盟MS-19]]任务的宇航员,,
419,玛莎·埃文斯,Marsha Ivins,女,美国,,,,,STS-32、STS-46、STS-62、STS-81、STS-98任务的宇航员,,
420,马丁·费特曼,Martin J. Fettman,男,美国,,,,,STS-58任务的宇航员,,
421,玛丽·L·克莱夫,Mary L. Cleave,女,美国,,,,,STS-61-B、STS-30任务的宇航员,,
422,玛丽·韦伯,Mary Weber,女,美国,,,,,STS-70、STS-101任务的宇航员,,
423,马修·多米尼克,Matthew Dominick,男,美国,,,,,,,
424,马蒂亚斯·毛雷尔,Matthias Maurer,男,美国,,,,,[[载人龙-3]]任务的宇航员,,
425,迈克尔·阿尔斯伯里,Michael Alsbury,男,美国,,,商业航天员,,<!-- 死于维珍银河事故 -->,,
426,迈克尔 贝克,Michael Baker,男,美国,,,,,STS-43、STS-52、STS-68、STS-81任务的宇航员,,
427,迈克尔·科茨,Michael Coats,男,美国,,,,,STS-41-D、STS-29、STS-39任务的宇航员,,
428,迈克尔·柯林斯,Michael Collins,男,美国,1930年,,,,[[双子星座10号]]、[[阿波罗11号]]任务的宇航员,,
429,迈克尔·芬克,Michael Fincke,男,美国,,,,,[[联盟TMA-4]]、[[联盟TMA-13]]、STS-134任务的宇航员,,
430,迈克尔·福尔曼,Michael Foreman,男,美国,,,,,STS-123、STS-129任务的宇航员,,
431,迈克尔·福萨姆,Michael Fossum,男,美国,,,,,STS-121、STS-124、[[联盟TMA-02M]]任务的宇航员,,
432,迈克尔·格恩哈特,Michael Gernhardt,男,美国,,,,,STS-69、STS-83、STS-94、STS-104任务的宇航员,,
433,迈克尔·布鲁姆菲尔德,Michael J. Bloomfield,男,美国,,,,,STS-86、STS-97、STS-110任务的宇航员,,
434,迈克尔·J·麦卡利,Michael J. McCulley,男,美国,,,,,STS-34任务的宇航员,,
435,迈克尔·J·史密斯,Michael J. Smith,男,美国,1945年,1986年,,,STS-51L任务的宇航员,,
436,阿雷格里亚,Michael Lopez-Alegria,男,美国,,,,,STS-73、STS-92、STS-113、[[联盟TMA-9]]、[[载人龙Ax1]]任务的宇航员,,
437,迈克尔·马西莫诺,Michael Massimino,男,美国,,,,,STS-109、STS-125任务的宇航员,,
438,迈克尔·马苏奇,Michael Masucci,男,美国,,,,,VSS Unity VF-01任务的宇航员,,
439,迈克尔·安德森,Michael P. Anderson,男,美国,1959年,2003年,,,STS-89、STS-107任务的宇航员,,
440,迈克尔·R·巴拉特,Michael R. Barratt,男,美国,,,,,[[联盟TMA-14]]、STS-133任务的宇航员,,
441,迈克尔·R·克利福德,Michael R. Clifford,男,美国,,,,,STS-53、STS-59、STS-76任务的宇航员,,
442,迈克尔·霍普金斯,Michael S. Hopkins,男,美国,,,,,[[联盟TMA-10M]]、[[载人龙-1]]任务的宇航员,,
443,迈克尔·古德,Michael T. Good,男,美国,,,,,STS-125、STS-132任务的宇航员,,
444,麦克·亚当斯,Mike Adams,男,美国,1930年,1967年,,,<!-- 死于X15事故 -->,,
445,梅尔维尔,Mike Melvill,男,美国,,,,,SpaceShipOne flight 16P任务的宇航员,,
446,米莉·休斯·富尔福德,Millie Hughes-Fulford,女,美国,,,,,STS-40任务的宇航员,,
447,南希·J·库里,Nancy J. Currie,女,美国,,,,,STS-57、STS-70、STS-88、STS-109任务的宇航员,,
448,南希·詹·戴维斯,Nancy Jan Davis,女,美国,,,,,STS-47、STS-60、STS-85任务的宇航员,,
449,尼尔·阿姆斯特朗,Neil Armstrong,男,美国,1930年,2012年,,,第一个登月的人类，[[双子星座8号]]、[[阿波罗11号]]任务的宇航员,,
450,尼尔·伍德沃德,Neil Woodward,男,美国,,,,,,,
451,尼克·海格,Nick Hague,男,美国,,,,,[[联盟MS-10]]、[[联盟MS-12]]任务的宇航员,,
452,妮可·奥纳普·曼,Nicole Aunapu Mann,女,美国,,,,,[[载人龙-5]]任务的宇航员,,
453,妮可·玛丽·帕松诺·斯托特,Nicole Marie Passonno Stott,女,美国,,,,,STS-128、STS-133任务的宇航员,,
454,诺曼·塔加德,Norman Thagard,男,美国,,,,,STS-7、STS-51-B、STS-30、STS-42、联盟TM-21/STS-71任务的宇航员,,
455,欧文·加里欧特,Owen Garriott,男,美国,1930年,2019年,,,[[天空实验室3号]]、STS-9任务的宇航员,,
456,梅洛伊,Pamela Melroy,女,美国,,,,,STS-92、STS-112、STS-120任务的宇航员,,
457,帕特里夏·罗伯逊,Patricia Robertson,女,美国,,,,,,,
458,帕特里克·福雷斯特,Patrick Forrester,男,美国,,,,,STS-105、STS-117、STS-128任务的宇航员,,
459,拉克哈特,Paul Lockhart,男,美国,,,,,STS-111、STS-113任务的宇航员,,
460,保罗·W·理查兹,Paul W. Richards,男,美国,,,,,STS-102任务的宇航员,,
461,保罗·韦茨,Paul Weitz,男,美国,1932年,2017年,,,[[天空实验室2号]]、STS-6任务的宇航员,,
462,佩吉·威特森,Peggy Whitson,女,美国,,,,,STS-111/113、[[联盟TMA-11]]任务的宇航员,,
463,皮特·康拉德,Pete Conrad,男,美国,1930年,1999年,,,[[双子星座5号]]、[[双子星座11号]]、[[阿波罗12号]]、[[天空实验室2号]]任务的宇航员,,
464,皮特·奈特,Pete Knight,男,美国,,,,,[[X-15]]任务的宇航员,,
465,彼得·西博尔德,Peter Siebold,男,美国,,,商业航天员,,SpaceShipOne 2003任务的宇航员,,
466,彼得·维索夫,Peter Wisoff,男,美国,,,,,STS-57、STS-68、STS-81、STS-92任务的宇航员,,
467,皮埃尔·苏厄特,Pierre Thuot,男,美国,,,,,STS-36、STS-49、STS-62任务的宇航员,,
468,拉贾·查里,Raja Chari,男,美国,,,,,[[载人龙-3]]任务的宇航员,,
469,兰道夫·布雷斯尼克,Randolph Bresnik,男,美国,,,,,STS-129任务的宇航员,,
470,瓦尔海姆,Rex Walheim,男,美国,,,,,STS-110、STS-122、STS-135任务的宇航员,,
471,里娅·塞顿,Rhea Seddon,女,美国,,,,,STS-51-D、STS-40、STS-58任务的宇航员,,
472,理查德·戈登,Richard Gordon,男,美国,1929年,2017年,,,[[双子星座11号]]、[[阿波罗12号]]任务的宇航员,,
473,理查德·赫耶布,Richard Hieb,男,美国,,,,,STS-39、STS-49、STS-65任务的宇航员,,
474,理查德·林内汉,Richard Linnehan,男,美国,,,,,STS-78、STS-90、STS-109、STS-123任务的宇航员,,
475,理查德·马斯特拉奇奥,Richard Mastracchio,男,美国,,,,,STS-106、STS-118、STS-131、[[联盟TMA-11M]]任务的宇航员,,
476,理查德·穆莱恩,Richard Mullane,男,美国,,,,,STS-41-D、STS-27、STS-36任务的宇航员,,
477,理查德·N·理查兹,Richard N. Richards,男,美国,,,,,STS-28、STS-41、STS-50、STS-64任务的宇航员,,
478,理查德·科维,Richard O. Covey,男,美国,,,,,STS-51-I、STS-26、STS-38、STS-61任务的宇航员,,
479,理查德·R·阿诺德,Richard R. Arnold,男,美国,,,,,STS-119、[[联盟MS-08]]任务的宇航员,,
480,理查德·西尔福斯,Richard Searfoss,男,美国,1956年,2018年,,,STS-58、STS-76、STS-90任务的宇航员,,
481,理查德·特鲁利,Richard Truly,男,美国,,,,,STS-2、STS-8任务的宇航员,,
482,里克·赫斯本德,Rick Husband,男,美国,1957年,2003年,,,STS-96、STS-107任务的宇航员,,
483,罗布·库林,Robb Kulin,男,美国,,,,,,,
484,罗伯特·克里彭,Robert Crippen,男,美国,,,,,STS-1、STS-7、STS-41-C、STS-41-G任务的宇航员,,
485,罗伯特·科宾,Robert Curbeam,男,美国,,,,,STS-85、STS-98、STS-116任务的宇航员,,
486,罗伯特·D·卡巴纳,Robert D. Cabana,男,美国,,,,,STS-41、STS-53、STS-65、STS-88任务的宇航员,,
487,罗伯特·海因斯,Robert Hines,男,美国,,,,,[[载人龙-4]]任务的宇航员,,
488,罗伯特·J·岑克,Robert J. Cenker,男,美国,,,,,STS-61-C任务的宇航员,,
490,罗伯特·贝恩肯,Robert L. Behnken,男,美国,1970年7月28日,,美国空军退役上校、博士、宇航员,华盛顿大学、加州理工学院,STS-123（[[奋进号]]）、STS-130（[[奋进号]]）、[[载人龙DM-2]]任务的宇航员,,
491,罗伯特·L·吉布森,Robert L. Gibson,男,美国,,,,,STS-41-B、STS-61-C、STS-27、STS-47、STS-71任务的宇航员,,
492,罗伯特·劳伦斯,Robert Lawrence,男,美国,1935年,1967年,,,<!-- 没有航天飞行，Manned Orbiting Laboratory计划训练者 -->,,
493,罗伯特·迈克尔·怀特,Robert Michael White,男,美国,,,,,[[X-15]]任务的宇航员,,
494,罗伯特·奥弗迈尔,Robert Overmyer,男,美国,1936年,1996年,,,STS-5、STS-51-B任务的宇航员,,
495,罗伯特·帕克,Robert Parker,男,美国,,,,,STS-9、STS-35任务的宇航员,,
496,罗伯特·S·金伯勒,Robert S. Kimbrough,男,美国,,,,,STS-126、[[联盟MS-02]]、[[载人龙-2]]任务的宇航员,,
497,罗伯特·萨彻,Robert Satcher,男,美国,,,,,STS-129任务的宇航员,,
498,罗伯特·施普林格,Robert Springer,男,美国,,,,,STS-29、STS-38任务的宇航员,,
499,罗伯特·斯图尔特,Robert Stewart,男,美国,,,,,STS-41-B、STS-51-J任务的宇航员,,
500,罗杰·B·查菲,Roger B. Chaffee,男,美国,1935年,1967年,,,<!-- 死于阿波罗1号事故 -->,,
501,罗杰·K·克劳奇,Roger K. Crouch,男,美国,,,,,STS-83、STS-94任务的宇航员,,
502,罗纳德·A·帕里斯,Ronald A. Parise,男,美国,1951年,2008年,,,STS-35、STS-67任务的宇航员,,
503,罗纳德·埃文斯,Ronald Evans,男,美国,1933年,1990年,,,[[阿波罗17号]]任务的宇航员,,
504,罗纳德·加朗,Ronald Garan,男,美国,,,,,STS-124、[[联盟TMA-21]]任务的宇航员,,
505,罗纳德·格雷贝,Ronald Grabe,男,美国,,,,,STS-51-J、STS-30、STS-42、STS-57任务的宇航员,,
506,罗纳德·麦克奈尔,Ronald McNair,男,美国,1950年,1986年,,,STS-41-B、STS-51L任务的宇航员 <!-- 死于挑战者航天飞机事故 -->,,
507,罗纳德·塞加,Ronald Sega,男,美国,,,,,STS-60、STS-76任务的宇航员,,
508,罗伊·布里奇斯,Roy Bridges,男,美国,,,,,STS-51-F任务的宇航员,,
509,拉塞尔·罗杰斯,Russell L. Rogers,男,美国,1928年,1967年,,,<!-- 没有航天飞行，分配至Dyna Soar计划 -->,,
510,施威卡特,Rusty Schweickart,男,美国,,,,,[[阿波罗9号]]任务的宇航员,,
511,萨莉·莱德,Sally Ride,女,美国,,,,,美国第一个女性航天员，STS-7、STS-41-G任务的宇航员,,
512,塞缪尔·杜兰斯,Samuel T. Durrance,男,美国,,,,,STS-35、STS-67任务的宇航员,,
513,马格努斯,Sandra Magnus,女,美国,,,,,STS-112、STS-126/119、STS-135任务的宇航员,,
514,斯科特·阿尔特曼,Scott Altman,男,美国,,,,,STS-90、STS-106、STS-109、STS-125任务的宇航员,,
515,斯科特·卡彭特,Scott Carpenter,男,美国,1925年,2013年,,,[[水星7号]]任务的宇航员,,
516,斯科特·霍洛维茨,Scott Horowitz,男,美国,,,,,STS-75、STS-82、STS-101、STS-105任务的宇航员,,
517,斯科特·凯利,Scott Kelly,男,美国,,,,,STS-103、STS-118、[[联盟TMA-01M]]、[[联盟TMA-16M]]/[[联盟TMA-18M|18M]]任务的宇航员,,
518,斯科特·帕拉兹斯基,Scott Parazynski,男,美国,,,,,STS-66、STS-86、STS-95、STS-100、STS-120任务的宇航员,,
519,,Serena M. Auñón-Chancellor,女,美国,,,,,[[联盟MS-09]]、远征56/57任务的宇航员,,
520,香农·卢西德,Shannon Lucid,女,美国,,,,,STS-51-G、STS-34、STS-43、STS-58、STS-76、STS-79任务的宇航员,,
521,香农·沃克,Shannon Walker,女,美国,,,,,[[联盟TMA-19]]、[[载人龙-1]]任务的宇航员,,
522,谢伍德·斯普林,Sherwood Spring,男,美国,,,,,STS-61-B任务的宇航员,,
523,西德尼·古铁雷斯,Sidney Gutierrez,男,美国,,,,,STS-40、STS-59任务的宇航员,,
524,索尼·卡特,Sonny Carter,男,美国,1947年,1991年,,,STS-33任务的宇航员,,
525,斯坦利·G·洛夫,Stanley G. Love,男,美国,,,,,STS-122任务的宇航员,,
526,斯蒂芬妮·威尔逊,Stephanie Wilson,女,美国,,,,,STS-121、STS-120、STS-131任务的宇航员,,
527,斯蒂芬·弗里克,Stephen Frick,男,美国,,,,,STS-110、STS-122任务的宇航员,,
528,斯蒂芬·G·伯恩,Stephen G. Bowen,男,美国,,,,,STS-126、STS-132、STS-133、[[载人龙-6]]任务的宇航员,,
529,斯蒂芬·奥斯瓦尔德,Stephen Oswald,男,美国,,,,,STS-42、STS-56、STS-67任务的宇航员,,
530,史蒂芬·罗宾逊,Stephen Robinson,男,美国,,,,,STS-85、STS-95、STS-114、STS-130任务的宇航员,,
531,斯蒂芬·索恩,Stephen Thorne,男,美国,1953年,1986年,,,<!-- 没有航天飞行，死于特技飞行训练事故 -->,,
532,斯蒂芬·霍利,Steven Hawley,男,美国,,,,,STS-41-D、STS-61-C、STS-31、STS-82、STS-93任务的宇航员,,
533,史蒂文·林赛,Steven Lindsey,男,美国,,,,,STS-87、STS-95、STS-104、STS-121、STS-133任务的宇航员,,
534,史蒂文·R·纳格尔,Steven R. Nagel,男,美国,1946年,2014年,,,STS-51-G、STS-61-A、STS-37、STS-55任务的宇航员,,
535,史蒂芬·史密斯,Steven Smith,男,美国,,,,,STS-68、STS-82、STS-103、STS-110任务的宇航员,,
536,史蒂文·斯旺森,Steven Swanson,男,美国,,,,,STS-117、STS-119任务的宇航员,,
537,斯多里·马斯格雷夫,Story Musgrave,男,美国,,,,,STS-6、STS-51-F、STS-33、STS-44、STS-61、STS-80任务的宇航员,,
538,斯图尔特·罗萨,Stuart Roosa,男,美国,1933年,1994年,,,[[阿波罗14号]]任务的宇航员,,
539,苏尼塔·威廉姆斯,Sunita Williams,女,美国,,,,,STS-116/117、[[联盟TMA-05M]]任务的宇航员,,
540,苏珊·海尔姆斯,Susan Helms,女,美国,,,,,STS-54、STS-64、STS-78、STS-101、STS-102/105任务的宇航员,,
541,苏珊·基兰,Susan Still Kilrain,女,美国,,,,,STS-83、STS-94任务的宇航员,,
542,塔玛拉·E·杰尼根,Tamara E. Jernigan,女,美国,,,,,STS-40、STS-52、STS-67、STS-80、STS-96任务的宇航员,,
543,王赣骏,Taylor Wang,男,美国,,,,,STS-51-B任务的宇航员,,
544,泰德·弗里曼,Ted Freeman,男,美国,1930年,1964年,,,,,
545,特伦斯·亨里克斯,Terence Henricks,男,美国,,,,,STS-44、STS-55、STS-70、STS-78任务的宇航员,,
546,特伦斯·威尔卡特,Terrence Wilcutt,男,美国,,,,,STS-68、STS-79、STS-89、STS-106任务的宇航员,,
547,特里·哈特,Terry Hart,男,美国,,,,,STS-41-C任务的宇航员,,
548,特里·弗茨,Terry Virts,男,美国,,,,,STS-130、[[联盟TMA-15M]]任务的宇航员,,
549,托马斯·埃克斯,Thomas Akers,男,美国,,,,,STS-41、STS-49、STS-61、STS-79任务的宇航员,,
550,托马斯·D·琼斯,Thomas D. Jones,男,美国,,,,,STS-59、STS-68、STS-80、STS-98任务的宇航员,,
551,托马斯·亨宁,Thomas Hennen,男,美国,,,,,STS-44任务的宇航员,,
552,托马斯·马斯伯恩,Thomas Marshburn,男,美国,,,,,STS-127、[[联盟TMA-07M]]、[[载人龙-3]]任务的宇航员,,
553,托马斯·巴顿-斯塔福德,Thomas Patten Stafford,男,美国,,,,,[[双子星座6号]]、[[阿波罗9号]]、[[阿波罗10号]]、[[阿波罗-联盟测试体]]任务的宇航员,,
554,蒂莫西·克莱默,Timothy Creamer,男,美国,,,,,[[联盟TMA-17]]任务的宇航员,,
555,蒂莫西·科普拉,Timothy L. Kopra,男,美国,,,,,STS-127/128任务的宇航员,,
556,特雷西·考德威尔·戴维森,Tracy Caldwell Dyson,女,美国,,,,,STS-118、[[联盟TMA-18]]任务的宇航员,,
557,文斯·布兰德,Vance Brand,男,美国,,,,,[[阿波罗-联盟测试体]]、STS-5、STS-41-B、STS-35任务的宇航员,,
558,维克多·格洛弗,Victor Glover,男,美国,,,,,[[载人龙-1]]任务的宇航员,,
559,沃利·芬克,Wally Funk,女,美国,,,,,[[蓝色起源]]NS-16亚轨道任务的宇航员,,
560,瓦尔特·施艾拉,Wally Schirra,男,美国,1923年,2007年,,,[[水星8号]]、[[双子星座6号]]、[[阿波罗7号]]任务的宇航员,,
561,瓦尔特·康尼翰,Walter Cunningham,男,美国,,,,,[[阿波罗7号]]任务的宇航员,,
562,沃伦·霍堡,Warren Hoburg,男,美国,,,,,[[载人龙-6]]任务的宇航员,,
563,温蒂·劳伦斯,Wendy Lawrence,女,美国,,,,,STS-67、STS-86、STS-91、STS-114任务的宇航员,,
564,威廉·安德斯,William Anders,男,美国,,,,,[[阿波罗8号]]任务的宇航员,,
565,威廉·勒诺,William B. Lenoir,男,美国,1939年,2010年,,,STS-5任务的宇航员,,
566,威廉·C·麦考尔,William C. McCool,男,美国,1961年,2003年,,,STS-107任务的宇航员,,
567,威廉·E·桑顿,William E. Thornton,男,美国,,,,,STS-8、STS-51-B任务的宇航员,,
568,威廉·弗雷德里克·费舍尔,William Frederick Fisher,男,美国,,,,,STS-51-I任务的宇航员,,
569,威廉·格里高利,William Gregory,男,美国,,,,,STS-67任务的宇航员,,
570,威廉·奥费林,William Oefelein,男,美国,,,,,STS-116任务的宇航员,,
571,威廉·派尔斯,William Pailes,男,美国,,,,,STS-51-J任务的宇航员,,
572,威廉·博格,William Pogue,男,美国,1930年,2014年,,,[[天空实验室4号]]任务的宇航员,,
573,威廉·雷迪,William Readdy,男,美国,,,,,STS-42、STS-51、STS-79任务的宇航员,,
574,威廉·麦克阿瑟,William S. McArthur,男,美国,,,,,STS-58、STS-74、STS-92、[[联盟TMA-7]]任务的宇航员,,
575,威廉·谢泼德,William Shepherd,男,美国,,,,,STS-27、STS-41、STS-52、[[联盟TM-31]]/STS-102任务的宇航员,,
576,温斯顿·斯科特,Winston Scott,男,美国,,,,,STS-72、STS-87任务的宇航员,,
577,伊冯·卡格尔,Yvonne Cagle,女,美国,,,,,,,
578,泽娜·卡德曼,Zena Cardman,女,美国,,,,,,,
579,弗朗西斯科·卢比奥,Francisco Rubio,男,美国,,,,,[[联盟MS-22]]任务的航天员,,
580,马可斯·庞特斯,Marcos Pontes,男,巴西,,,,,[[联盟TMA-8]]任务的航天员,,
581,安德烈·奎佩斯,André Kuipers,男,荷兰,,,,,[[联盟TMA-4]]/[[联盟TMA-3|3]]、[[联盟TMA-03M]]任务的航天员,,
582,莫西·皮克,Timothy Peake,男,英国,,,,,[[联盟TMA-19M]]任务的航天员,,
583,,Aydyn Aimbetov,男,哈萨克斯坦,,,,,[[联盟TMA-18M]]任务的航天员,,
584,安德烈亚斯·莫根森,Andreas Mogensen,男,丹麦,,,,,[[联盟TMA-18M]]、[[载人龙-7]]任务的航天员,,
585,航天员油井龟美,Kimiya Yui,男,日本,,,,,[[联盟TMA-17M]]任务的航天员,,
586,克里斯托弗雷蒂,Samantha Cristoforetti,女,意大利,,,,,[[联盟TMA-15M]]、[[载人龙-4]]任务的航天员,,
587,亚历山大·格斯特,Alexander Gerst,男,德国,,,,,[[联盟TMA-13M]]任务的航天员,,
588,李素妍,Yi So-yeon,女,韩国,,,,,[[联盟TMA-12]]/[[联盟TMA-11|11]]任务的航天员,,
589,谢赫·穆萨帕·舒科尔,Sheikh Muszaphar Shukor,男,马来西亚,,,,,[[联盟TMA-11]]/[[联盟TMA-10|10]]任务的航天员,,
590,弗兰克·德·温恩,Frank De Winne,男,比利时,,,,,[[联盟TMA-1]]/[[联盟TM-34|TM-34]]、[[联盟TMA-15]]任务的航天员,,
591,帕尔米塔诺,Luca Parmitano,男,意大利,,,,,[[联盟TMA-09M]]任务的航天员,,
592,古川聪,Satoshi Furukawa,男,日本,,,,,[[联盟TMA-02M]]、[[载人龙-7]]任务的航天员,,
593,阿卜杜勒·阿哈德·莫赫曼德,Abdul Ahad Mohmand,男,阿富汗,,,,,[[联盟TM-6]]/[[联盟TM-5|5]]任务的航天员,,
594,,Aleksandar Panayotov Aleksandrov,男,保加利亚,,,,,[[联盟TM-5]]任务的航天员,,
595,穆罕默德·法里斯,Muhammed Faris,男,叙利亚,,,,,[[联盟TM-3]]/[[联盟TM-2|2]]任务的航天员,,
596,伊万·贝拉,Ivan Bella,男,斯洛伐克,,,,,[[联盟TM-29]]/[[联盟TM-28|28]]任务的航天员,,
597,莱奥波德·埃哈茨,Léopold Eyharts,男,法国,,,,,[[联盟TM-27]]/[[联盟TM-26|26]]、STS-122/123任务的航天员,,
598,,Reinhold Ewald,男,德国,,,,,[[联盟TM-25]]/[[联盟TM-24|24]]任务的航天员,,
599,克劳迪·海格纳,Claudie Haigneré,女,法国,,,,,[[联盟TM-24]]/[[联盟TM-23|23]]、[[联盟TM-33]]/[[联盟TM-32|32]]任务的航天员,,
600,托马斯·赖特尔,Thomas Reiter,男,德国,,,,,[[联盟TM-22]]、STS-121/116、远征13任务的航天员,,
601,让-皮埃尔·海格纳,Jean-Pierre Haigneré,男,法国,,,,,[[联盟TM-17]]/[[联盟TM-16|16]]、[[联盟TM-29]]任务的航天员,,
602,米歇尔·托格尼尼,Michel Tognini,男,法国,,,,,[[联盟TM-15]]/[[联盟TM-14|14]]、STS-93任务的航天员,,
603,克劳斯·迪特里希·弗莱德,Klaus-Dietrich Flade,男,德国,,,,,[[联盟TM-14]]/[[联盟TM-13|13]]任务的航天员,,
604,弗朗茨·维埃贝克,Franz Viehböck,男,奥地利,,,,,[[联盟TM-13]]/[[联盟TM-12|12]]任务的航天员,,
605,海伦·沙曼,Helen Sharman,男,英国,,,,,[[联盟TM-12]]、[[联盟TM-11]]任务的航天员,,
606,让·卢普·克雷蒂安,Jean-Loup Chrétien,男,法国,,,,,[[联盟T-6]]、[[联盟TM-7]]/[[联盟TM-6|6]]、STS-86任务的航天员,,
607,拉卡什·沙玛,Rakesh Sharma,男,印度,,,,,[[联盟T-11]]/[[联盟T-10|10]]任务的航天员,,
608,大卫·圣雅克,David Saint-Jacques,男,加拿大,,,,,[[联盟MS-11]]任务的航天员,,
609,托马斯·佩斯凯特,Thomas Pesquet,男,法国,,,,,[[联盟MS-03]]、[[载人龙-2]]任务的航天员,,
610,,Dumitru Prunariu,男,罗马尼亚,,,,,[[联盟-40]]任务的航天员,,
611,,Jügderdemidiin Gürragchaa,男,蒙古国,,,,,[[联盟-39]]任务的航天员,,
612,阿尔纳尔多·塔马约·梅南德斯,Arnaldo Tamayo Méndez,男,古巴,,,,,[[联盟-38]]任务的航天员,,
613,范遵,Phạm Tuân,男,越南,,,,,[[联盟-37]]/[[联盟-36|36]]任务的航天员,,
614,贝尔塔兰·法卡斯,Bertalan Farkas,男,匈牙利,,,,,[[联盟-36]]/[[联盟-35|35]]任务的航天员,,
615,罗伯托·维托里,Roberto Vittori,男,意大利,,,,,[[联盟-34]]/[[联盟-33|33]]、[[联盟TMA-6]]/[[联盟TMA-5|5]]、STS-134任务的航天员,,
616,格奥尔基·伊万诺夫,Georgi Ivanov,男,保加利亚,,,,,[[联盟-33]]任务的航天员,,
617,西格蒙德·伊恩,Sigmund Jähn,男,德国,,,,,[[联盟-31]]/[[联盟-29|29]]任务的航天员,,
618,泽农·扬科夫斯基,Zenon Jankowski,男,波兰,,,,,[[联盟-30]]任务的备份航天员,,
619,米罗斯瓦夫·赫马舍夫斯基,Mirosław Hermaszewski,男,波兰,,,,,[[联盟-30]]任务的航天员,,
620,弗拉迪米尔·雷马克,Vladimír Remek,男,捷克,,,,,[[联盟-28]]任务的航天员,,
621,大卫·麦凯,David Mackay,男,英国,,,,,VSS Unity VF-01任务的航天员,,
622,格哈德·蒂尔,Gerhard Thiele,男,德国,,,,,STS-99任务的航天员,,
623,佩耶特,Julie Payette,女,加拿大,,,,,STS-96、STS-127任务的航天员,,
624,佩德罗·杜克,Pedro Duque,男,西班牙,,,,,STS-95、[[联盟TMA-3]]/[[联盟TMA-2|2]]任务的航天员,,
625,达菲德·威廉姆斯,Dafydd Williams,男,加拿大,,,,,STS-90、STS-118任务的航天员,,
626,沃尔夫·梅博尔德,Ulf Merbold,男,德国,,,,,STS-9、STS-42、[[联盟TM-20]]/[[联盟TM-19|19]]任务的航天员,,
627,土井隆雄,Takao Doi,男,日本,,,,,STS-87、STS-123任务的航天员,,
628,卡尔帕娜·乔拉,Kalpana Chawla,女,印度,1961年,2003年,,,STS-87、STS-107任务的航天员,,
629,列昂尼德·卡代纽克,Leonid Kadeniuk,男,乌克兰,,,,,STS-87任务的航天员,,
630,比雅尼·特里格瓦森,Bjarni Tryggvason,男,加拿大,,,,,STS-85任务的航天员,,
631,卡洛斯·诺列加,Carlos I. Noriega,男,秘鲁,,,,,STS-84、STS-97任务的航天员,,
632,罗伯特·蒂尔克,Robert Thirsk,男,加拿大,,,,,STS-78、[[联盟TMA-15]]任务的航天员,,
633,让·雅克·法维尔,Jean-Jacques Favier,男,法国,,,,,STS-78任务的航天员,,
634,安迪·托马斯,Andy Thomas,男,澳大利亚,,,,,STS-77、STS-89/91、STS-102、STS-114任务的航天员,,
635,翁贝托·吉多尼,Umberto Guidoni,男,意大利,,,,,STS-75、STS-100任务的航天员,,
636,毛里齐奥·切利,Maurizio Cheli,男,意大利,,,,,STS-75任务的航天员,,
637,克里斯·哈德菲尔德,Chris Hadfield,男,加拿大,,,,,STS-74、STS-100、远征34、远征35、[[联盟TMA-07M]]任务的航天员,,
638,若田光一,Koichi Wakata,男,日本,,,,,STS-72、STS-92、STS-119/127、[[联盟TMA-11M]]、[[载人龙-5]]任务的航天员,,
639,让-弗朗索瓦·克莱沃伊,Jean-François Clervoy,男,法国,,,,,STS-66、STS-84、STS-103任务的航天员,,
640,向井千秋,Chiaki Mukai,女,日本,,,,,STS-65、STS-95任务的航天员,,
641,张福林,Franklin Chang-Diaz,男,哥斯达黎加,,,,,STS-61-C、STS-34、STS-46、STS-60、STS-75、[[STS-91]]、[[STS-111]]任务的航天员,,
642,鲁道夫·尼里·韦拉,Rodolfo Neri Vela,男,墨西哥,,,,,STS-61-B任务的航天员,,
643,恩斯特·梅塞施密特,Ernst Messerschmid,男,德国,,,,,STS-61-A任务的航天员,,
644,乌波·欧克斯,Wubbo Ockels,男,荷兰,1946年,2014年,,,STS-61-A任务的航天员,,
645,Reinhard Furrer,Reinhard Furrer,男,德国,1940年,1995年,,,STS-61-A任务的航天员,,
646,汉斯·施莱格尔,Hans Schlegel,男,德国,,,,,STS-55、STS-122任务的航天员,,
647,乌尔里希·沃尔特,Ulrich Walter,男,德国,,,,,STS-55任务的航天员,,
648,史蒂文·麦克林,Steven MacLean,男,加拿大,,,,,STS-52、STS-115任务的航天员,,
649,苏丹本·萨勒曼·本·阿卜杜勒阿齐兹·阿勒沙特,Sultan bin Salman bin Abdulaziz Al Saud,男,沙特阿拉伯,,,,,STS-51-G任务的航天员,,
650,帕特里克·鲍德利,Patrick Baudry,男,法国,,,,,STS-51-G任务的航天员,,
651,毛利卫,Mamoru Mohri,男,日本,,,,,STS-47、STS-99任务的航天员,,
652,克劳德·尼科利尔,Claude Nicollier,男,瑞士,,,,,STS-46、STS-61、STS-75、STS-103任务的航天员,,
653,弗兰科·马勒巴,Franco Malerba,男,意大利,,,,,STS-46任务的航天员,,
654,迈克尔·福奥勒,Michael Foale,男,英国,,,,,STS-45、STS-56、STS-63、STS-84/86、[[STS-103]]、[[联盟TMA-3]]任务的航天员,,
655,德克·弗里穆特,Dirk Frimout,男,比利时,,,,,STS-45任务的航天员,,
656,邦达尔,Roberta Bondar,女,加拿大,,,,,STS-42任务的航天员,,
657,马克·加尔诺,Marc Garneau,男,加拿大,,,,,STS-41-G、STS-77、STS-97任务的航天员,,
658,保罗·斯考利·鲍尔,Paul Scully-Power,男,澳大利亚,,,,,STS-41-G任务的航天员,,
659,山崎直子,Naoko Yamazaki,女,日本,,,,,STS-131任务的航天员,,
660,星出彰彦,Akihiko Hoshide,男,日本,,,,,STS-124、[[联盟TMA-05M]]、[[载人龙-2]]任务的航天员,,
661,保罗·内斯波利,Paolo A. Nespoli,男,意大利,,,,,STS-120、[[联盟TMA-20]]任务的航天员,,
662,尼古拉斯·帕特里克,Nicholas Patrick,男,英国,,,,,STS-116、STS-130任务的航天员,,
663,克里斯特·福格桑,Christer Fuglesang,男,瑞典,,,,,STS-116、STS-128任务的航天员,,
664,野口宗一,Soichi Noguchi,男,日本,,,,,STS-114、[[联盟TMA-17]]、[[载人龙-1]]任务的航天员,,
665,皮尔斯·赛勒斯,Piers Sellers,男,英国,1955年,2016年,,,STS-112、STS-121、STS-132任务的航天员,,
666,菲利普·佩林,Philippe Perrin,男,法国,,,,,STS-111任务的航天员,,
667,伊兰·拉蒙,Ilan Ramon,男,以色列,1954年,2003年,,,STS-107任务的航天员,,
668,大野拓哉,Takuya Onishi,男,日本,,,,,远征48/49任务的航天员,,
669,拉维什·马尔霍特拉,Ravish Malhotra,男,印度,,,,,国际宇宙计划的备份航天员,,
670,菲利普·K·查普曼,Philip K. Chapman,男,澳大利亚,,,,,,,
671,杰里米·汉森,Jeremy Hansen,男,加拿大,,,,,,,
672,陈全,Chen Quan,男,中国,,,,,[[神舟七号]]备份航天员,,
673,高飞·科顿,Coby Cotton,男,美国,1987年7月17日,,YouTuber,,YouTube热门频道Dude Perfect联合创始人、[[新谢泼德号|New Shepard-22]]任务的太空旅客,,
674,安德烈·费佳耶夫,Andrey Fedyaev,男,俄罗斯,1981年2月26日,,宇航员,,[[载人龙-6]]任务的航天员,,
675,苏丹·尼亚迪,Sultan Al Neyadi,男,阿联酋,1981年5月23日,,宇航员,,[[载人龙-6]]任务的航天员,,
676,埃坦·斯蒂比,Eytan Stibbe,男,以色列,,,商人,,[[载人龙Ax1]]任务的太空旅客,,